DATE_FROM,DATE_TO,TYPE_OF_RESERVES,PRODUCT,OFFERED_CAPACITY_PRICE_[EUR/MW],OFFERED_CAPACITY_[MW],ALLOCATED_CAPACITY_[MW],COUNTRY,SETTLEMENTCAPACITY_PRICE_[EUR/MW],NOTE
2023-10-24,2023-10-24,FCR,NEGPOS_00_04,0.0,15,15,DE,52.95,
2023-10-24,2023-10-24,FCR,NEGPOS_00_04,0.0,1,1,DE,52.95,
2023-10-24,2023-10-24,FCR,NEGPOS_00_04,0.0,1,1,BE,246.48,
2023-10-24,2023-10-24,FCR,NEGPOS_00_04,0.0,1,1,BE,246.48,
2023-10-24,2023-10-24,FCR,NEGPOS_00_04,0.0,1,1,DE,52.95,
2023-10-24,2023-10-24,FCR,NEGPOS_00_04,0.0,9,9,DE,52.95,
2023-10-24,2023-10-24,FCR,NEGPOS_00_04,0.0,4,4,DE,52.95,
2023-10-24,2023-10-24,FCR,NEGPOS_00_04,0.0,1,1,DE,52.95,
2023-10-24,2023-10-24,FCR,NEGPOS_00_04,0.0,1,1,DE,52.95,
2023-10-24,2023-10-24,FCR,NEGPOS_00_04,0.0,1,1,DE,52.95,
2023-10-24,2023-10-24,FCR,NEGPOS_00_04,0.0,1,1,DE,52.95,
2023-10-24,2023-10-24,FCR,NEGPOS_00_04,0.0,1,1,DE,52.95,
2023-10-24,2023-10-24,FCR,NEGPOS_00_04,0.0,1,1,NL,52.95,
2023-10-24,2023-10-24,FCR,NEGPOS_00_04,0.0,1,1,NL,52.95,
2023-10-24,2023-10-24,FCR,NEGPOS_00_04,0.0,1,1,NL,52.95,
2023-10-24,2023-10-24,FCR,NEGPOS_00_04,0.0,1,1,NL,52.95,
2023-10-24,2023-10-24,FCR,NEGPOS_00_04,0.0,1,1,NL,52.95,
2023-10-24,2023-10-24,FCR,NEGPOS_00_04,0.0,1,1,NL,52.95,
2023-10-24,2023-10-24,FCR,NEGPOS_00_04,0.0,1,1,DE,52.95,
2023-10-24,2023-10-24,FCR,NEGPOS_00_04,0.0,2,2,DE,52.95,
2023-10-24,2023-10-24,FCR,NEGPOS_00_04,0.0,12,12,DE,52.95,
2023-10-24,2023-10-24,FCR,NEGPOS_00_04,0.0,5,5,FR,52.95,
2023-10-24,2023-10-24,FCR,NEGPOS_00_04,0.0,3,3,DE,52.95,
2023-10-24,2023-10-24,FCR,NEGPOS_00_04,0.0,1,1,FR,52.95,
2023-10-24,2023-10-24,FCR,NEGPOS_00_04,0.0,2,2,FR,52.95,
2023-10-24,2023-10-24,FCR,NEGPOS_00_04,0.0,10,10,DE,52.95,
2023-10-24,2023-10-24,FCR,NEGPOS_00_04,0.0,4,4,FR,52.95,
2023-10-24,2023-10-24,FCR,NEGPOS_00_04,0.0,10,10,DE,52.95,
2023-10-24,2023-10-24,FCR,NEGPOS_00_04,0.0,2,2,DE,52.95,
2023-10-24,2023-10-24,FCR,NEGPOS_00_04,0.16,7,7,FR,52.95,
2023-10-24,2023-10-24,FCR,NEGPOS_00_04,0.28,7,7,FR,52.95,
2023-10-24,2023-10-24,FCR,NEGPOS_00_04,0.44,7,7,FR,52.95,
2023-10-24,2023-10-24,FCR,NEGPOS_00_04,0.5,36,36,FR,52.95,
2023-10-24,2023-10-24,FCR,NEGPOS_00_04,0.6,7,7,FR,52.95,
2023-10-24,2023-10-24,FCR,NEGPOS_00_04,0.72,7,7,FR,52.95,
2023-10-24,2023-10-24,FCR,NEGPOS_00_04,0.88,7,7,FR,52.95,
2023-10-24,2023-10-24,FCR,NEGPOS_00_04,1.0,7,7,FR,52.95,
2023-10-24,2023-10-24,FCR,NEGPOS_00_04,1.0,2,2,DE,52.95,
2023-10-24,2023-10-24,FCR,NEGPOS_00_04,1.0,9,9,DE,52.95,
2023-10-24,2023-10-24,FCR,NEGPOS_00_04,1.0,3,3,DE,52.95,
2023-10-24,2023-10-24,FCR,NEGPOS_00_04,1.0,12,12,CH,52.95,
2023-10-24,2023-10-24,FCR,NEGPOS_00_04,1.0,14,14,DE,52.95,
2023-10-24,2023-10-24,FCR,NEGPOS_00_04,1.0,1,1,AT,52.95,
2023-10-24,2023-10-24,FCR,NEGPOS_00_04,1.16,7,7,FR,52.95,
2023-10-24,2023-10-24,FCR,NEGPOS_00_04,1.32,111,111,FR,52.95,
2023-10-24,2023-10-24,FCR,NEGPOS_00_04,1.32,7,7,FR,52.95,
2023-10-24,2023-10-24,FCR,NEGPOS_00_04,1.44,7,7,FR,52.95,
2023-10-24,2023-10-24,FCR,NEGPOS_00_04,1.5,7,7,DE,52.95,
2023-10-24,2023-10-24,FCR,NEGPOS_00_04,1.6,7,7,FR,52.95,
2023-10-24,2023-10-24,FCR,NEGPOS_00_04,1.76,7,7,FR,52.95,
2023-10-24,2023-10-24,FCR,NEGPOS_00_04,1.88,7,7,FR,52.95,
2023-10-24,2023-10-24,FCR,NEGPOS_00_04,2.0,14,14,DE,52.95,
2023-10-24,2023-10-24,FCR,NEGPOS_00_04,2.02,77,77,FR,52.95,
2023-10-24,2023-10-24,FCR,NEGPOS_00_04,2.04,7,7,FR,52.95,
2023-10-24,2023-10-24,FCR,NEGPOS_00_04,2.2,7,7,FR,52.95,
2023-10-24,2023-10-24,FCR,NEGPOS_00_04,2.32,7,7,FR,52.95,
2023-10-24,2023-10-24,FCR,NEGPOS_00_04,2.44,3,3,CZ,71.2,
2023-10-24,2023-10-24,FCR,NEGPOS_00_04,2.48,7,7,FR,52.95,
2023-10-24,2023-10-24,FCR,NEGPOS_00_04,2.64,7,7,FR,52.95,
2023-10-24,2023-10-24,FCR,NEGPOS_00_04,2.76,7,7,FR,52.95,
2023-10-24,2023-10-24,FCR,NEGPOS_00_04,2.92,7,7,FR,52.95,
2023-10-24,2023-10-24,FCR,NEGPOS_00_04,3.0,10,10,NL,52.95,
2023-10-24,2023-10-24,FCR,NEGPOS_00_04,3.04,7,7,FR,52.95,
2023-10-24,2023-10-24,FCR,NEGPOS_00_04,3.1,13,13,DE,52.95,
2023-10-24,2023-10-24,FCR,NEGPOS_00_04,3.12,15,15,DE,52.95,
2023-10-24,2023-10-24,FCR,NEGPOS_00_04,3.14,14,14,DE,52.95,
2023-10-24,2023-10-24,FCR,NEGPOS_00_04,3.2,7,7,FR,52.95,
2023-10-24,2023-10-24,FCR,NEGPOS_00_04,3.25,14,14,DE,52.95,
2023-10-24,2023-10-24,FCR,NEGPOS_00_04,3.33,18,18,DE,52.95,
2023-10-24,2023-10-24,FCR,NEGPOS_00_04,3.36,7,7,FR,52.95,
2023-10-24,2023-10-24,FCR,NEGPOS_00_04,3.48,15,15,DE,52.95,
2023-10-24,2023-10-24,FCR,NEGPOS_00_04,3.48,7,7,FR,52.95,
2023-10-24,2023-10-24,FCR,NEGPOS_00_04,3.6,5,5,AT,52.95,
2023-10-24,2023-10-24,FCR,NEGPOS_00_04,3.64,7,7,FR,52.95,
2023-10-24,2023-10-24,FCR,NEGPOS_00_04,3.64,7,7,FR,52.95,
2023-10-24,2023-10-24,FCR,NEGPOS_00_04,3.96,2,2,CH,52.95,
2023-10-24,2023-10-24,FCR,NEGPOS_00_04,4.0,1,1,DE,52.95,
2023-10-24,2023-10-24,FCR,NEGPOS_00_04,4.0,5,5,AT,52.95,
2023-10-24,2023-10-24,FCR,NEGPOS_00_04,4.0,3,3,CZ,71.2,
2023-10-24,2023-10-24,FCR,NEGPOS_00_04,4.0,18,18,FR,52.95,
2023-10-24,2023-10-24,FCR,NEGPOS_00_04,4.0,33,33,DE,52.95,
2023-10-24,2023-10-24,FCR,NEGPOS_00_04,4.0,1,1,NL,52.95,
2023-10-24,2023-10-24,FCR,NEGPOS_00_04,4.4,5,5,AT,52.95,
2023-10-24,2023-10-24,FCR,NEGPOS_00_04,4.8,1,1,DE,52.95,
2023-10-24,2023-10-24,FCR,NEGPOS_00_04,4.8,1,1,DE,52.95,
2023-10-24,2023-10-24,FCR,NEGPOS_00_04,4.8,1,1,DE,52.95,
2023-10-24,2023-10-24,FCR,NEGPOS_00_04,4.8,1,1,DE,52.95,
2023-10-24,2023-10-24,FCR,NEGPOS_00_04,4.8,1,1,DE,52.95,
2023-10-24,2023-10-24,FCR,NEGPOS_00_04,4.8,1,1,AT,52.95,
2023-10-24,2023-10-24,FCR,NEGPOS_00_04,4.8,1,1,DE,52.95,
2023-10-24,2023-10-24,FCR,NEGPOS_00_04,4.9,1,1,DE,52.95,
2023-10-24,2023-10-24,FCR,NEGPOS_00_04,5.0,1,1,DE,52.95,
2023-10-24,2023-10-24,FCR,NEGPOS_00_04,5.0,1,1,DE,52.95,
2023-10-24,2023-10-24,FCR,NEGPOS_00_04,5.0,1,1,DE,52.95,
2023-10-24,2023-10-24,FCR,NEGPOS_00_04,5.0,1,1,DE,52.95,
2023-10-24,2023-10-24,FCR,NEGPOS_00_04,5.0,1,1,DE,52.95,
2023-10-24,2023-10-24,FCR,NEGPOS_00_04,5.0,1,1,DE,52.95,
2023-10-24,2023-10-24,FCR,NEGPOS_00_04,5.0,1,1,DE,52.95,
2023-10-24,2023-10-24,FCR,NEGPOS_00_04,5.0,1,1,DE,52.95,
2023-10-24,2023-10-24,FCR,NEGPOS_00_04,5.0,1,1,DE,52.95,
2023-10-24,2023-10-24,FCR,NEGPOS_00_04,5.0,1,1,DE,52.95,
2023-10-24,2023-10-24,FCR,NEGPOS_00_04,5.0,1,1,DE,52.95,
2023-10-24,2023-10-24,FCR,NEGPOS_00_04,5.0,1,1,DE,52.95,
2023-10-24,2023-10-24,FCR,NEGPOS_00_04,5.0,8,8,DE,52.95,
2023-10-24,2023-10-24,FCR,NEGPOS_00_04,5.0,8,8,DE,52.95,
2023-10-24,2023-10-24,FCR,NEGPOS_00_04,5.0,1,1,DE,52.95,
2023-10-24,2023-10-24,FCR,NEGPOS_00_04,5.0,1,1,DE,52.95,
2023-10-24,2023-10-24,FCR,NEGPOS_00_04,5.0,1,1,DE,52.95,
2023-10-24,2023-10-24,FCR,NEGPOS_00_04,5.0,1,1,DE,52.95,
2023-10-24,2023-10-24,FCR,NEGPOS_00_04,5.0,1,1,DE,52.95,
2023-10-24,2023-10-24,FCR,NEGPOS_00_04,5.0,1,1,DE,52.95,
2023-10-24,2023-10-24,FCR,NEGPOS_00_04,5.0,1,1,DE,52.95,
2023-10-24,2023-10-24,FCR,NEGPOS_00_04,5.0,1,1,DE,52.95,
2023-10-24,2023-10-24,FCR,NEGPOS_00_04,5.0,1,1,DE,52.95,
2023-10-24,2023-10-24,FCR,NEGPOS_00_04,5.0,1,1,DE,52.95,
2023-10-24,2023-10-24,FCR,NEGPOS_00_04,5.0,1,1,DE,52.95,
2023-10-24,2023-10-24,FCR,NEGPOS_00_04,5.0,1,1,DE,52.95,
2023-10-24,2023-10-24,FCR,NEGPOS_00_04,5.0,1,1,DE,52.95,
2023-10-24,2023-10-24,FCR,NEGPOS_00_04,5.0,1,1,DE,52.95,
2023-10-24,2023-10-24,FCR,NEGPOS_00_04,5.0,1,1,DE,52.95,
2023-10-24,2023-10-24,FCR,NEGPOS_00_04,5.0,7,7,DE,52.95,
2023-10-24,2023-10-24,FCR,NEGPOS_00_04,5.0,15,15,DE,52.95,
2023-10-24,2023-10-24,FCR,NEGPOS_00_04,5.0,1,1,DE,52.95,
2023-10-24,2023-10-24,FCR,NEGPOS_00_04,5.0,16,16,DE,52.95,
2023-10-24,2023-10-24,FCR,NEGPOS_00_04,5.0,10,10,DE,52.95,
2023-10-24,2023-10-24,FCR,NEGPOS_00_04,5.0,6,6,DE,52.95,
2023-10-24,2023-10-24,FCR,NEGPOS_00_04,5.0,2,2,DE,52.95,
2023-10-24,2023-10-24,FCR,NEGPOS_00_04,5.23,3,3,NL,52.95,
2023-10-24,2023-10-24,FCR,NEGPOS_00_04,5.55,3,3,DE,52.95,
2023-10-24,2023-10-24,FCR,NEGPOS_00_04,6.0,18,18,FR,52.95,
2023-10-24,2023-10-24,FCR,NEGPOS_00_04,6.0,10,10,DE,52.95,
2023-10-24,2023-10-24,FCR,NEGPOS_00_04,6.0,10,10,DE,52.95,
2023-10-24,2023-10-24,FCR,NEGPOS_00_04,6.0,2,2,FR,52.95,INDIVISIBLE
2023-10-24,2023-10-24,FCR,NEGPOS_00_04,6.0,6,6,FR,52.95,INDIVISIBLE
2023-10-24,2023-10-24,FCR,NEGPOS_00_04,6.0,2,2,FR,52.95,INDIVISIBLE
2023-10-24,2023-10-24,FCR,NEGPOS_00_04,6.5,19,19,DE,52.95,
2023-10-24,2023-10-24,FCR,NEGPOS_00_04,6.56,7,7,FR,52.95,
2023-10-24,2023-10-24,FCR,NEGPOS_00_04,6.66,7,7,DE,52.95,
2023-10-24,2023-10-24,FCR,NEGPOS_00_04,6.7,1,1,DE,52.95,
2023-10-24,2023-10-24,FCR,NEGPOS_00_04,6.8,5,5,AT,52.95,
2023-10-24,2023-10-24,FCR,NEGPOS_00_04,7.0,4,4,DE,52.95,
2023-10-24,2023-10-24,FCR,NEGPOS_00_04,7.0,1,1,DE,52.95,
2023-10-24,2023-10-24,FCR,NEGPOS_00_04,7.0,10,10,DE,52.95,
2023-10-24,2023-10-24,FCR,NEGPOS_00_04,7.0,10,10,DE,52.95,
2023-10-24,2023-10-24,FCR,NEGPOS_00_04,7.2,5,5,AT,52.95,
2023-10-24,2023-10-24,FCR,NEGPOS_00_04,7.4,1,1,DE,52.95,
2023-10-24,2023-10-24,FCR,NEGPOS_00_04,7.5,8,8,DE,52.95,
2023-10-24,2023-10-24,FCR,NEGPOS_00_04,7.5,8,8,DE,52.95,
2023-10-24,2023-10-24,FCR,NEGPOS_00_04,7.6,2,2,AT,52.95,
2023-10-24,2023-10-24,FCR,NEGPOS_00_04,8.0,8,8,DE,52.95,
2023-10-24,2023-10-24,FCR,NEGPOS_00_04,8.0,6,6,AT,52.95,
2023-10-24,2023-10-24,FCR,NEGPOS_00_04,8.33,7,7,DE,52.95,
2023-10-24,2023-10-24,FCR,NEGPOS_00_04,8.4,4,4,AT,52.95,
2023-10-24,2023-10-24,FCR,NEGPOS_00_04,8.5,1,1,DE,52.95,
2023-10-24,2023-10-24,FCR,NEGPOS_00_04,9.48,22,22,BE,246.48,
2023-10-24,2023-10-24,FCR,NEGPOS_00_04,9.52,7,7,FR,52.95,
2023-10-24,2023-10-24,FCR,NEGPOS_00_04,9.59,1,1,NL,52.95,
2023-10-24,2023-10-24,FCR,NEGPOS_00_04,9.7,6,6,AT,52.95,
2023-10-24,2023-10-24,FCR,NEGPOS_00_04,9.9,1,1,DE,52.95,
2023-10-24,2023-10-24,FCR,NEGPOS_00_04,10.0,5,5,FR,52.95,
2023-10-24,2023-10-24,FCR,NEGPOS_00_04,10.0,2,2,NL,52.95,
2023-10-24,2023-10-24,FCR,NEGPOS_00_04,10.0,21,21,DE,52.95,
2023-10-24,2023-10-24,FCR,NEGPOS_00_04,10.0,8,8,DE,52.95,
2023-10-24,2023-10-24,FCR,NEGPOS_00_04,10.0,7,7,DE,52.95,
2023-10-24,2023-10-24,FCR,NEGPOS_00_04,10.0,1,1,CH,52.95,
2023-10-24,2023-10-24,FCR,NEGPOS_00_04,10.0,6,6,DE,52.95,
2023-10-24,2023-10-24,FCR,NEGPOS_00_04,10.0,8,8,DE,52.95,
2023-10-24,2023-10-24,FCR,NEGPOS_00_04,10.4,5,5,AT,52.95,
2023-10-24,2023-10-24,FCR,NEGPOS_00_04,10.62,1,1,NL,52.95,
2023-10-24,2023-10-24,FCR,NEGPOS_00_04,10.8,5,5,AT,52.95,
2023-10-24,2023-10-24,FCR,NEGPOS_00_04,10.81,5,5,NL,52.95,
2023-10-24,2023-10-24,FCR,NEGPOS_00_04,11.2,2,2,AT,52.95,
2023-10-24,2023-10-24,FCR,NEGPOS_00_04,11.32,13,13,NL,52.95,
2023-10-24,2023-10-24,FCR,NEGPOS_00_04,12.0,17,17,FR,52.95,
2023-10-24,2023-10-24,FCR,NEGPOS_00_04,12.0,4,4,DE,52.95,
2023-10-24,2023-10-24,FCR,NEGPOS_00_04,12.21,1,1,DE,52.95,
2023-10-24,2023-10-24,FCR,NEGPOS_00_04,12.4,2,2,AT,52.95,
2023-10-24,2023-10-24,FCR,NEGPOS_00_04,12.4,1,1,DE,52.95,
2023-10-24,2023-10-24,FCR,NEGPOS_00_04,12.44,7,7,FR,52.95,
2023-10-24,2023-10-24,FCR,NEGPOS_00_04,12.5,1,1,DE,52.95,
2023-10-24,2023-10-24,FCR,NEGPOS_00_04,13.52,5,5,DE,52.95,
2023-10-24,2023-10-24,FCR,NEGPOS_00_04,13.6,4,4,AT,52.95,
2023-10-24,2023-10-24,FCR,NEGPOS_00_04,14.0,1,1,DK,52.95,
2023-10-24,2023-10-24,FCR,NEGPOS_00_04,14.9,1,1,DE,52.95,
2023-10-24,2023-10-24,FCR,NEGPOS_00_04,15.36,7,7,FR,52.95,
2023-10-24,2023-10-24,FCR,NEGPOS_00_04,15.91,1,1,DE,52.95,
2023-10-24,2023-10-24,FCR,NEGPOS_00_04,16.0,5,5,DE,52.95,
2023-10-24,2023-10-24,FCR,NEGPOS_00_04,16.32,5,5,DE,52.95,
2023-10-24,2023-10-24,FCR,NEGPOS_00_04,17.2,2,2,AT,52.95,
2023-10-24,2023-10-24,FCR,NEGPOS_00_04,17.4,1,1,DE,52.95,
2023-10-24,2023-10-24,FCR,NEGPOS_00_04,18.32,7,7,FR,52.95,
2023-10-24,2023-10-24,FCR,NEGPOS_00_04,19.61,1,1,DE,52.95,
2023-10-24,2023-10-24,FCR,NEGPOS_00_04,19.9,1,1,DE,52.95,
2023-10-24,2023-10-24,FCR,NEGPOS_00_04,20.0,1,1,FR,52.95,
2023-10-24,2023-10-24,FCR,NEGPOS_00_04,20.0,2,2,FR,52.95,
2023-10-24,2023-10-24,FCR,NEGPOS_00_04,20.0,15,15,CH,52.95,
2023-10-24,2023-10-24,FCR,NEGPOS_00_04,21.24,7,7,FR,52.95,
2023-10-24,2023-10-24,FCR,NEGPOS_00_04,22.0,14,14,DE,52.95,
2023-10-24,2023-10-24,FCR,NEGPOS_00_04,22.0,2,2,DE,52.95,
2023-10-24,2023-10-24,FCR,NEGPOS_00_04,22.1,4,4,DE,52.95,
2023-10-24,2023-10-24,FCR,NEGPOS_00_04,22.4,1,1,DE,52.95,
2023-10-24,2023-10-24,FCR,NEGPOS_00_04,23.32,1,1,DE,52.95,
2023-10-24,2023-10-24,FCR,NEGPOS_00_04,24.0,14,14,DE,52.95,
2023-10-24,2023-10-24,FCR,NEGPOS_00_04,24.0,17,17,FR,52.95,
2023-10-24,2023-10-24,FCR,NEGPOS_00_04,24.1,4,4,DE,52.95,
2023-10-24,2023-10-24,FCR,NEGPOS_00_04,24.16,7,7,FR,52.95,
2023-10-24,2023-10-24,FCR,NEGPOS_00_04,24.9,1,1,DE,52.95,
2023-10-24,2023-10-24,FCR,NEGPOS_00_04,24.96,7,7,FR,52.95,
2023-10-24,2023-10-24,FCR,NEGPOS_00_04,25.06,5,5,DE,52.95,
2023-10-24,2023-10-24,FCR,NEGPOS_00_04,25.3,1,1,CH,52.95,
2023-10-24,2023-10-24,FCR,NEGPOS_00_04,27.02,1,1,DE,52.95,
2023-10-24,2023-10-24,FCR,NEGPOS_00_04,27.12,7,7,FR,52.95,
2023-10-24,2023-10-24,FCR,NEGPOS_00_04,27.4,1,1,DE,52.95,
2023-10-24,2023-10-24,FCR,NEGPOS_00_04,28.0,6,6,NL,52.95,
2023-10-24,2023-10-24,FCR,NEGPOS_00_04,28.0,4,4,DE,52.95,
2023-10-24,2023-10-24,FCR,NEGPOS_00_04,28.1,4,4,DE,52.95,
2023-10-24,2023-10-24,FCR,NEGPOS_00_04,29.9,1,1,DE,52.95,
2023-10-24,2023-10-24,FCR,NEGPOS_00_04,30.04,7,7,FR,52.95,
2023-10-24,2023-10-24,FCR,NEGPOS_00_04,30.7,1,1,CH,52.95,
2023-10-24,2023-10-24,FCR,NEGPOS_00_04,30.73,1,1,DE,52.95,
2023-10-24,2023-10-24,FCR,NEGPOS_00_04,31.68,1,1,SI,52.95,
2023-10-24,2023-10-24,FCR,NEGPOS_00_04,32.0,2,2,DE,52.95,
2023-10-24,2023-10-24,FCR,NEGPOS_00_04,32.1,4,4,DE,52.95,
2023-10-24,2023-10-24,FCR,NEGPOS_00_04,32.4,1,1,DE,52.95,
2023-10-24,2023-10-24,FCR,NEGPOS_00_04,33.0,7,7,FR,52.95,
2023-10-24,2023-10-24,FCR,NEGPOS_00_04,34.43,1,1,DE,52.95,
2023-10-24,2023-10-24,FCR,NEGPOS_00_04,34.9,1,1,DE,52.95,
2023-10-24,2023-10-24,FCR,NEGPOS_00_04,35.92,7,7,FR,52.95,
2023-10-24,2023-10-24,FCR,NEGPOS_00_04,36.0,5,5,FR,52.95,
2023-10-24,2023-10-24,FCR,NEGPOS_00_04,36.0,1,1,CH,52.95,
2023-10-24,2023-10-24,FCR,NEGPOS_00_04,37.4,1,1,DE,52.95,
2023-10-24,2023-10-24,FCR,NEGPOS_00_04,38.05,5,5,DE,52.95,
2023-10-24,2023-10-24,FCR,NEGPOS_00_04,38.13,1,1,DE,52.95,
2023-10-24,2023-10-24,FCR,NEGPOS_00_04,38.84,7,7,FR,52.95,
2023-10-24,2023-10-24,FCR,NEGPOS_00_04,39.9,1,1,DE,52.95,
2023-10-24,2023-10-24,FCR,NEGPOS_00_04,40.0,3,3,CH,52.95,
2023-10-24,2023-10-24,FCR,NEGPOS_00_04,40.5,3,3,AT,52.95,
2023-10-24,2023-10-24,FCR,NEGPOS_00_04,41.3,1,1,CH,52.95,
2023-10-24,2023-10-24,FCR,NEGPOS_00_04,41.8,7,7,FR,52.95,
2023-10-24,2023-10-24,FCR,NEGPOS_00_04,41.84,1,1,DE,52.95,
2023-10-24,2023-10-24,FCR,NEGPOS_00_04,42.0,3,3,CH,52.95,
2023-10-24,2023-10-24,FCR,NEGPOS_00_04,42.4,1,1,DE,52.95,
2023-10-24,2023-10-24,FCR,NEGPOS_00_04,42.8,1,1,DE,52.95,
2023-10-24,2023-10-24,FCR,NEGPOS_00_04,42.8,1,1,DE,52.95,
2023-10-24,2023-10-24,FCR,NEGPOS_00_04,42.8,1,1,DE,52.95,
2023-10-24,2023-10-24,FCR,NEGPOS_00_04,42.8,1,1,DE,52.95,
2023-10-24,2023-10-24,FCR,NEGPOS_00_04,42.8,1,1,DE,52.95,
2023-10-24,2023-10-24,FCR,NEGPOS_00_04,42.8,1,1,DE,52.95,
2023-10-24,2023-10-24,FCR,NEGPOS_00_04,42.8,1,1,DE,52.95,
2023-10-24,2023-10-24,FCR,NEGPOS_00_04,42.8,1,1,DE,52.95,
2023-10-24,2023-10-24,FCR,NEGPOS_00_04,42.8,1,1,DE,52.95,
2023-10-24,2023-10-24,FCR,NEGPOS_00_04,42.8,1,1,DE,52.95,
2023-10-24,2023-10-24,FCR,NEGPOS_00_04,42.8,1,1,DE,52.95,
2023-10-24,2023-10-24,FCR,NEGPOS_00_04,42.8,1,1,DE,52.95,
2023-10-24,2023-10-24,FCR,NEGPOS_00_04,42.8,1,1,DE,52.95,
2023-10-24,2023-10-24,FCR,NEGPOS_00_04,42.8,1,1,DE,52.95,
2023-10-24,2023-10-24,FCR,NEGPOS_00_04,42.8,1,1,DE,52.95,
2023-10-24,2023-10-24,FCR,NEGPOS_00_04,42.8,1,1,DE,52.95,
2023-10-24,2023-10-24,FCR,NEGPOS_00_04,42.8,1,1,DE,52.95,
2023-10-24,2023-10-24,FCR,NEGPOS_00_04,42.8,1,1,DE,52.95,
2023-10-24,2023-10-24,FCR,NEGPOS_00_04,42.8,1,1,DE,52.95,
2023-10-24,2023-10-24,FCR,NEGPOS_00_04,42.8,1,1,DE,52.95,
2023-10-24,2023-10-24,FCR,NEGPOS_00_04,42.8,1,1,DE,52.95,
2023-10-24,2023-10-24,FCR,NEGPOS_00_04,42.8,1,1,DE,52.95,
2023-10-24,2023-10-24,FCR,NEGPOS_00_04,42.8,1,1,DE,52.95,
2023-10-24,2023-10-24,FCR,NEGPOS_00_04,42.8,1,1,DE,52.95,
2023-10-24,2023-10-24,FCR,NEGPOS_00_04,42.8,1,1,DE,52.95,
2023-10-24,2023-10-24,FCR,NEGPOS_00_04,44.72,7,7,FR,52.95,
2023-10-24,2023-10-24,FCR,NEGPOS_00_04,44.9,1,1,DE,52.95,
2023-10-24,2023-10-24,FCR,NEGPOS_00_04,45.0,3,3,CH,52.95,
2023-10-24,2023-10-24,FCR,NEGPOS_00_04,45.0,3,3,DE,52.95,
2023-10-24,2023-10-24,FCR,NEGPOS_00_04,45.54,1,1,DE,52.95,
2023-10-24,2023-10-24,FCR,NEGPOS_00_04,46.48,7,7,FR,52.95,
2023-10-24,2023-10-24,FCR,NEGPOS_00_04,46.7,1,1,CH,52.95,
2023-10-24,2023-10-24,FCR,NEGPOS_00_04,47.4,1,1,DE,52.95,
2023-10-24,2023-10-24,FCR,NEGPOS_00_04,47.64,7,7,FR,52.95,
2023-10-24,2023-10-24,FCR,NEGPOS_00_04,48.0,5,5,FR,52.95,
2023-10-24,2023-10-24,FCR,NEGPOS_00_04,48.24,1,1,DK,52.95,
2023-10-24,2023-10-24,FCR,NEGPOS_00_04,48.4,5,5,DE,52.95,
2023-10-24,2023-10-24,FCR,NEGPOS_00_04,49.24,1,1,DE,52.95,
2023-10-24,2023-10-24,FCR,NEGPOS_00_04,49.9,1,1,DE,52.95,
2023-10-24,2023-10-24,FCR,NEGPOS_00_04,50.0,3,3,CH,52.95,
2023-10-24,2023-10-24,FCR,NEGPOS_00_04,50.6,7,7,FR,52.95,
2023-10-24,2023-10-24,FCR,NEGPOS_00_04,51.44,7,7,FR,52.95,
2023-10-24,2023-10-24,FCR,NEGPOS_00_04,52.0,1,1,CH,52.95,
2023-10-24,2023-10-24,FCR,NEGPOS_00_04,52.4,1,1,DE,52.95,
2023-10-24,2023-10-24,FCR,NEGPOS_00_04,52.95,1,1,DE,52.95,
2023-10-24,2023-10-24,FCR,NEGPOS_00_04,71.2,25,25,CZ,71.2,INDIVISIBLE
2023-10-24,2023-10-24,FCR,NEGPOS_00_04,246.48,3,3,BE,246.48,INDIVISIBLE
2023-10-24,2023-10-24,FCR,NEGPOS_04_08,0.0,1,1,DE,54.0,
2023-10-24,2023-10-24,FCR,NEGPOS_04_08,0.0,1,1,DE,54.0,
2023-10-24,2023-10-24,FCR,NEGPOS_04_08,0.0,1,1,DE,54.0,
2023-10-24,2023-10-24,FCR,NEGPOS_04_08,0.0,1,1,DE,54.0,
2023-10-24,2023-10-24,FCR,NEGPOS_04_08,0.0,12,12,DE,54.0,
2023-10-24,2023-10-24,FCR,NEGPOS_04_08,0.0,2,2,DE,54.0,
2023-10-24,2023-10-24,FCR,NEGPOS_04_08,0.0,1,1,BE,212.4,
2023-10-24,2023-10-24,FCR,NEGPOS_04_08,0.0,1,1,BE,212.4,
2023-10-24,2023-10-24,FCR,NEGPOS_04_08,0.0,1,1,DE,54.0,
2023-10-24,2023-10-24,FCR,NEGPOS_04_08,0.0,10,10,DE,54.0,
2023-10-24,2023-10-24,FCR,NEGPOS_04_08,0.0,1,1,DE,54.0,
2023-10-24,2023-10-24,FCR,NEGPOS_04_08,0.0,15,15,DE,54.0,
2023-10-24,2023-10-24,FCR,NEGPOS_04_08,0.0,4,4,DE,54.0,
2023-10-24,2023-10-24,FCR,NEGPOS_04_08,0.0,1,1,DE,54.0,
2023-10-24,2023-10-24,FCR,NEGPOS_04_08,0.0,9,9,DE,54.0,
2023-10-24,2023-10-24,FCR,NEGPOS_04_08,0.0,4,4,FR,53.48,
2023-10-24,2023-10-24,FCR,NEGPOS_04_08,0.0,10,10,DE,54.0,
2023-10-24,2023-10-24,FCR,NEGPOS_04_08,0.0,2,2,DE,54.0,
2023-10-24,2023-10-24,FCR,NEGPOS_04_08,0.0,5,5,FR,53.48,
2023-10-24,2023-10-24,FCR,NEGPOS_04_08,0.0,3,3,DE,54.0,
2023-10-24,2023-10-24,FCR,NEGPOS_04_08,0.0,2,2,FR,53.48,
2023-10-24,2023-10-24,FCR,NEGPOS_04_08,0.0,1,1,FR,53.48,
2023-10-24,2023-10-24,FCR,NEGPOS_04_08,0.0,1,1,NL,54.0,
2023-10-24,2023-10-24,FCR,NEGPOS_04_08,0.0,1,1,NL,54.0,
2023-10-24,2023-10-24,FCR,NEGPOS_04_08,0.0,1,1,NL,54.0,
2023-10-24,2023-10-24,FCR,NEGPOS_04_08,0.0,1,1,NL,54.0,
2023-10-24,2023-10-24,FCR,NEGPOS_04_08,0.0,1,1,NL,54.0,
2023-10-24,2023-10-24,FCR,NEGPOS_04_08,0.0,1,1,DE,54.0,
2023-10-24,2023-10-24,FCR,NEGPOS_04_08,0.0,1,1,NL,54.0,
2023-10-24,2023-10-24,FCR,NEGPOS_04_08,0.2,7,7,FR,53.48,
2023-10-24,2023-10-24,FCR,NEGPOS_04_08,0.4,7,7,FR,53.48,
2023-10-24,2023-10-24,FCR,NEGPOS_04_08,0.5,36,36,FR,53.48,
2023-10-24,2023-10-24,FCR,NEGPOS_04_08,0.6,7,7,FR,53.48,
2023-10-24,2023-10-24,FCR,NEGPOS_04_08,0.8,7,7,FR,53.48,
2023-10-24,2023-10-24,FCR,NEGPOS_04_08,1.0,2,2,DE,54.0,
2023-10-24,2023-10-24,FCR,NEGPOS_04_08,1.0,14,14,DE,54.0,
2023-10-24,2023-10-24,FCR,NEGPOS_04_08,1.0,1,1,AT,54.0,
2023-10-24,2023-10-24,FCR,NEGPOS_04_08,1.0,12,12,CH,54.0,
2023-10-24,2023-10-24,FCR,NEGPOS_04_08,1.0,7,7,FR,53.48,
2023-10-24,2023-10-24,FCR,NEGPOS_04_08,1.0,3,3,DE,54.0,
2023-10-24,2023-10-24,FCR,NEGPOS_04_08,1.0,9,9,DE,54.0,
2023-10-24,2023-10-24,FCR,NEGPOS_04_08,1.2,7,7,FR,53.48,
2023-10-24,2023-10-24,FCR,NEGPOS_04_08,1.32,111,111,FR,53.48,
2023-10-24,2023-10-24,FCR,NEGPOS_04_08,1.36,7,7,FR,53.48,
2023-10-24,2023-10-24,FCR,NEGPOS_04_08,1.5,7,7,DE,54.0,
2023-10-24,2023-10-24,FCR,NEGPOS_04_08,1.56,7,7,FR,53.48,
2023-10-24,2023-10-24,FCR,NEGPOS_04_08,1.76,7,7,FR,53.48,
2023-10-24,2023-10-24,FCR,NEGPOS_04_08,1.96,7,7,FR,53.48,
2023-10-24,2023-10-24,FCR,NEGPOS_04_08,2.0,14,14,DE,54.0,
2023-10-24,2023-10-24,FCR,NEGPOS_04_08,2.16,7,7,FR,53.48,
2023-10-24,2023-10-24,FCR,NEGPOS_04_08,2.36,7,7,FR,53.48,
2023-10-24,2023-10-24,FCR,NEGPOS_04_08,2.44,3,3,CZ,71.2,
2023-10-24,2023-10-24,FCR,NEGPOS_04_08,2.56,7,7,FR,53.48,
2023-10-24,2023-10-24,FCR,NEGPOS_04_08,2.76,7,7,FR,53.48,
2023-10-24,2023-10-24,FCR,NEGPOS_04_08,2.96,7,7,FR,53.48,
2023-10-24,2023-10-24,FCR,NEGPOS_04_08,3.0,10,10,NL,54.0,
2023-10-24,2023-10-24,FCR,NEGPOS_04_08,3.16,7,7,FR,53.48,
2023-10-24,2023-10-24,FCR,NEGPOS_04_08,3.26,14,14,DE,54.0,
2023-10-24,2023-10-24,FCR,NEGPOS_04_08,3.33,18,18,DE,54.0,
2023-10-24,2023-10-24,FCR,NEGPOS_04_08,3.36,7,7,FR,53.48,
2023-10-24,2023-10-24,FCR,NEGPOS_04_08,3.45,15,15,DE,54.0,
2023-10-24,2023-10-24,FCR,NEGPOS_04_08,3.48,14,14,DE,54.0,
2023-10-24,2023-10-24,FCR,NEGPOS_04_08,3.56,7,7,FR,53.48,
2023-10-24,2023-10-24,FCR,NEGPOS_04_08,3.58,15,15,DE,54.0,
2023-10-24,2023-10-24,FCR,NEGPOS_04_08,3.6,5,5,AT,54.0,
2023-10-24,2023-10-24,FCR,NEGPOS_04_08,3.72,7,7,FR,53.48,
2023-10-24,2023-10-24,FCR,NEGPOS_04_08,3.76,7,7,FR,53.48,
2023-10-24,2023-10-24,FCR,NEGPOS_04_08,3.78,13,13,DE,54.0,
2023-10-24,2023-10-24,FCR,NEGPOS_04_08,3.96,2,2,CH,54.0,
2023-10-24,2023-10-24,FCR,NEGPOS_04_08,4.0,33,33,DE,54.0,
2023-10-24,2023-10-24,FCR,NEGPOS_04_08,4.0,1,1,DE,54.0,
2023-10-24,2023-10-24,FCR,NEGPOS_04_08,4.0,3,3,CZ,71.2,
2023-10-24,2023-10-24,FCR,NEGPOS_04_08,4.0,1,1,NL,54.0,
2023-10-24,2023-10-24,FCR,NEGPOS_04_08,4.0,18,18,FR,53.48,
2023-10-24,2023-10-24,FCR,NEGPOS_04_08,4.0,5,5,AT,54.0,
2023-10-24,2023-10-24,FCR,NEGPOS_04_08,4.08,7,7,FR,53.48,
2023-10-24,2023-10-24,FCR,NEGPOS_04_08,4.4,5,5,AT,54.0,
2023-10-24,2023-10-24,FCR,NEGPOS_04_08,4.44,7,7,FR,53.48,
2023-10-24,2023-10-24,FCR,NEGPOS_04_08,4.62,77,77,FR,53.48,
2023-10-24,2023-10-24,FCR,NEGPOS_04_08,4.8,1,1,DE,54.0,
2023-10-24,2023-10-24,FCR,NEGPOS_04_08,4.8,1,1,DE,54.0,
2023-10-24,2023-10-24,FCR,NEGPOS_04_08,4.8,1,1,DE,54.0,
2023-10-24,2023-10-24,FCR,NEGPOS_04_08,4.8,1,1,DE,54.0,
2023-10-24,2023-10-24,FCR,NEGPOS_04_08,4.8,1,1,AT,54.0,
2023-10-24,2023-10-24,FCR,NEGPOS_04_08,4.8,1,1,DE,54.0,
2023-10-24,2023-10-24,FCR,NEGPOS_04_08,4.8,1,1,DE,54.0,
2023-10-24,2023-10-24,FCR,NEGPOS_04_08,4.9,1,1,DE,54.0,
2023-10-24,2023-10-24,FCR,NEGPOS_04_08,5.0,1,1,DE,54.0,
2023-10-24,2023-10-24,FCR,NEGPOS_04_08,5.0,1,1,DE,54.0,
2023-10-24,2023-10-24,FCR,NEGPOS_04_08,5.0,1,1,DE,54.0,
2023-10-24,2023-10-24,FCR,NEGPOS_04_08,5.0,1,1,DE,54.0,
2023-10-24,2023-10-24,FCR,NEGPOS_04_08,5.0,1,1,DE,54.0,
2023-10-24,2023-10-24,FCR,NEGPOS_04_08,5.0,1,1,DE,54.0,
2023-10-24,2023-10-24,FCR,NEGPOS_04_08,5.0,1,1,DE,54.0,
2023-10-24,2023-10-24,FCR,NEGPOS_04_08,5.0,1,1,DE,54.0,
2023-10-24,2023-10-24,FCR,NEGPOS_04_08,5.0,1,1,DE,54.0,
2023-10-24,2023-10-24,FCR,NEGPOS_04_08,5.0,1,1,DE,54.0,
2023-10-24,2023-10-24,FCR,NEGPOS_04_08,5.0,1,1,DE,54.0,
2023-10-24,2023-10-24,FCR,NEGPOS_04_08,5.0,1,1,DE,54.0,
2023-10-24,2023-10-24,FCR,NEGPOS_04_08,5.0,7,7,DE,54.0,
2023-10-24,2023-10-24,FCR,NEGPOS_04_08,5.0,1,1,DE,54.0,
2023-10-24,2023-10-24,FCR,NEGPOS_04_08,5.0,16,16,DE,54.0,
2023-10-24,2023-10-24,FCR,NEGPOS_04_08,5.0,1,1,DE,54.0,
2023-10-24,2023-10-24,FCR,NEGPOS_04_08,5.0,1,1,DE,54.0,
2023-10-24,2023-10-24,FCR,NEGPOS_04_08,5.0,1,1,DE,54.0,
2023-10-24,2023-10-24,FCR,NEGPOS_04_08,5.0,1,1,DE,54.0,
2023-10-24,2023-10-24,FCR,NEGPOS_04_08,5.0,1,1,DE,54.0,
2023-10-24,2023-10-24,FCR,NEGPOS_04_08,5.0,1,1,DE,54.0,
2023-10-24,2023-10-24,FCR,NEGPOS_04_08,5.0,1,1,DE,54.0,
2023-10-24,2023-10-24,FCR,NEGPOS_04_08,5.0,1,1,DE,54.0,
2023-10-24,2023-10-24,FCR,NEGPOS_04_08,5.0,1,1,DE,54.0,
2023-10-24,2023-10-24,FCR,NEGPOS_04_08,5.0,1,1,DE,54.0,
2023-10-24,2023-10-24,FCR,NEGPOS_04_08,5.0,1,1,DE,54.0,
2023-10-24,2023-10-24,FCR,NEGPOS_04_08,5.0,15,15,DE,54.0,
2023-10-24,2023-10-24,FCR,NEGPOS_04_08,5.0,8,8,DE,54.0,
2023-10-24,2023-10-24,FCR,NEGPOS_04_08,5.0,1,1,DE,54.0,
2023-10-24,2023-10-24,FCR,NEGPOS_04_08,5.0,1,1,DE,54.0,
2023-10-24,2023-10-24,FCR,NEGPOS_04_08,5.0,1,1,DE,54.0,
2023-10-24,2023-10-24,FCR,NEGPOS_04_08,5.0,1,1,DE,54.0,
2023-10-24,2023-10-24,FCR,NEGPOS_04_08,5.0,8,8,DE,54.0,
2023-10-24,2023-10-24,FCR,NEGPOS_04_08,5.0,10,10,DE,54.0,
2023-10-24,2023-10-24,FCR,NEGPOS_04_08,5.0,6,6,DE,54.0,
2023-10-24,2023-10-24,FCR,NEGPOS_04_08,5.0,2,2,DE,54.0,
2023-10-24,2023-10-24,FCR,NEGPOS_04_08,5.23,3,3,NL,54.0,
2023-10-24,2023-10-24,FCR,NEGPOS_04_08,5.55,3,3,DE,54.0,
2023-10-24,2023-10-24,FCR,NEGPOS_04_08,6.0,2,2,FR,53.48,INDIVISIBLE
2023-10-24,2023-10-24,FCR,NEGPOS_04_08,6.0,2,2,FR,53.48,INDIVISIBLE
2023-10-24,2023-10-24,FCR,NEGPOS_04_08,6.0,10,10,DE,54.0,
2023-10-24,2023-10-24,FCR,NEGPOS_04_08,6.0,10,10,DE,54.0,
2023-10-24,2023-10-24,FCR,NEGPOS_04_08,6.0,18,18,FR,53.48,
2023-10-24,2023-10-24,FCR,NEGPOS_04_08,6.0,6,6,FR,53.48,INDIVISIBLE
2023-10-24,2023-10-24,FCR,NEGPOS_04_08,6.5,19,19,DE,54.0,
2023-10-24,2023-10-24,FCR,NEGPOS_04_08,6.66,7,7,DE,54.0,
2023-10-24,2023-10-24,FCR,NEGPOS_04_08,6.7,1,1,DE,54.0,
2023-10-24,2023-10-24,FCR,NEGPOS_04_08,6.8,5,5,AT,54.0,
2023-10-24,2023-10-24,FCR,NEGPOS_04_08,6.84,7,7,FR,53.48,
2023-10-24,2023-10-24,FCR,NEGPOS_04_08,7.0,1,1,DE,54.0,
2023-10-24,2023-10-24,FCR,NEGPOS_04_08,7.0,10,10,DE,54.0,
2023-10-24,2023-10-24,FCR,NEGPOS_04_08,7.0,4,4,DE,54.0,
2023-10-24,2023-10-24,FCR,NEGPOS_04_08,7.0,10,10,DE,54.0,
2023-10-24,2023-10-24,FCR,NEGPOS_04_08,7.2,5,5,AT,54.0,
2023-10-24,2023-10-24,FCR,NEGPOS_04_08,7.4,1,1,DE,54.0,
2023-10-24,2023-10-24,FCR,NEGPOS_04_08,7.5,8,8,DE,54.0,
2023-10-24,2023-10-24,FCR,NEGPOS_04_08,7.5,8,8,DE,54.0,
2023-10-24,2023-10-24,FCR,NEGPOS_04_08,7.6,2,2,AT,54.0,
2023-10-24,2023-10-24,FCR,NEGPOS_04_08,8.0,8,8,DE,54.0,
2023-10-24,2023-10-24,FCR,NEGPOS_04_08,8.0,6,6,AT,54.0,
2023-10-24,2023-10-24,FCR,NEGPOS_04_08,8.33,7,7,DE,54.0,
2023-10-24,2023-10-24,FCR,NEGPOS_04_08,8.4,4,4,AT,54.0,
2023-10-24,2023-10-24,FCR,NEGPOS_04_08,8.5,1,1,DE,54.0,
2023-10-24,2023-10-24,FCR,NEGPOS_04_08,8.74,5,5,NL,54.0,
2023-10-24,2023-10-24,FCR,NEGPOS_04_08,9.48,22,22,BE,212.4,
2023-10-24,2023-10-24,FCR,NEGPOS_04_08,9.56,1,1,NL,54.0,
2023-10-24,2023-10-24,FCR,NEGPOS_04_08,9.7,6,6,AT,54.0,
2023-10-24,2023-10-24,FCR,NEGPOS_04_08,9.9,1,1,DE,54.0,
2023-10-24,2023-10-24,FCR,NEGPOS_04_08,9.96,7,7,FR,53.48,
2023-10-24,2023-10-24,FCR,NEGPOS_04_08,10.0,2,2,NL,54.0,
2023-10-24,2023-10-24,FCR,NEGPOS_04_08,10.0,6,6,DE,54.0,
2023-10-24,2023-10-24,FCR,NEGPOS_04_08,10.0,21,21,DE,54.0,
2023-10-24,2023-10-24,FCR,NEGPOS_04_08,10.0,8,8,DE,54.0,
2023-10-24,2023-10-24,FCR,NEGPOS_04_08,10.0,7,7,FR,53.48,
2023-10-24,2023-10-24,FCR,NEGPOS_04_08,10.0,7,7,DE,54.0,
2023-10-24,2023-10-24,FCR,NEGPOS_04_08,10.0,8,8,DE,54.0,
2023-10-24,2023-10-24,FCR,NEGPOS_04_08,10.0,5,5,FR,53.48,
2023-10-24,2023-10-24,FCR,NEGPOS_04_08,10.0,1,1,CH,54.0,
2023-10-24,2023-10-24,FCR,NEGPOS_04_08,10.4,5,5,AT,54.0,
2023-10-24,2023-10-24,FCR,NEGPOS_04_08,10.4,4,4,NL,54.0,
2023-10-24,2023-10-24,FCR,NEGPOS_04_08,10.8,5,5,AT,54.0,
2023-10-24,2023-10-24,FCR,NEGPOS_04_08,11.12,5,5,DE,54.0,
2023-10-24,2023-10-24,FCR,NEGPOS_04_08,11.2,2,2,AT,54.0,
2023-10-24,2023-10-24,FCR,NEGPOS_04_08,12.0,17,17,FR,53.48,
2023-10-24,2023-10-24,FCR,NEGPOS_04_08,12.0,4,4,DE,54.0,
2023-10-24,2023-10-24,FCR,NEGPOS_04_08,12.2,7,7,FR,53.48,
2023-10-24,2023-10-24,FCR,NEGPOS_04_08,12.21,1,1,DE,54.0,
2023-10-24,2023-10-24,FCR,NEGPOS_04_08,12.4,2,2,AT,54.0,
2023-10-24,2023-10-24,FCR,NEGPOS_04_08,12.4,1,1,DE,54.0,
2023-10-24,2023-10-24,FCR,NEGPOS_04_08,12.5,1,1,DE,54.0,
2023-10-24,2023-10-24,FCR,NEGPOS_04_08,12.52,5,5,DE,54.0,
2023-10-24,2023-10-24,FCR,NEGPOS_04_08,12.94,10,10,NL,54.0,
2023-10-24,2023-10-24,FCR,NEGPOS_04_08,13.04,7,7,FR,53.48,
2023-10-24,2023-10-24,FCR,NEGPOS_04_08,13.6,4,4,AT,54.0,
2023-10-24,2023-10-24,FCR,NEGPOS_04_08,14.0,1,1,DK,54.0,
2023-10-24,2023-10-24,FCR,NEGPOS_04_08,14.44,7,7,FR,53.48,
2023-10-24,2023-10-24,FCR,NEGPOS_04_08,14.9,1,1,DE,54.0,
2023-10-24,2023-10-24,FCR,NEGPOS_04_08,15.55,5,5,DE,54.0,
2023-10-24,2023-10-24,FCR,NEGPOS_04_08,15.91,1,1,DE,54.0,
2023-10-24,2023-10-24,FCR,NEGPOS_04_08,16.16,7,7,FR,53.48,
2023-10-24,2023-10-24,FCR,NEGPOS_04_08,16.64,7,7,FR,53.48,
2023-10-24,2023-10-24,FCR,NEGPOS_04_08,17.2,2,2,AT,54.0,
2023-10-24,2023-10-24,FCR,NEGPOS_04_08,17.4,1,1,DE,54.0,
2023-10-24,2023-10-24,FCR,NEGPOS_04_08,19.28,7,7,FR,53.48,
2023-10-24,2023-10-24,FCR,NEGPOS_04_08,19.61,1,1,DE,54.0,
2023-10-24,2023-10-24,FCR,NEGPOS_04_08,19.9,1,1,DE,54.0,
2023-10-24,2023-10-24,FCR,NEGPOS_04_08,20.0,2,2,FR,53.48,
2023-10-24,2023-10-24,FCR,NEGPOS_04_08,20.0,1,1,FR,53.48,
2023-10-24,2023-10-24,FCR,NEGPOS_04_08,20.0,15,15,CH,54.0,
2023-10-24,2023-10-24,FCR,NEGPOS_04_08,20.52,7,7,FR,53.48,
2023-10-24,2023-10-24,FCR,NEGPOS_04_08,22.0,2,2,DE,54.0,
2023-10-24,2023-10-24,FCR,NEGPOS_04_08,22.0,14,14,DE,54.0,
2023-10-24,2023-10-24,FCR,NEGPOS_04_08,22.1,4,4,DE,54.0,
2023-10-24,2023-10-24,FCR,NEGPOS_04_08,22.4,7,7,FR,53.48,
2023-10-24,2023-10-24,FCR,NEGPOS_04_08,22.4,1,1,DE,54.0,
2023-10-24,2023-10-24,FCR,NEGPOS_04_08,23.32,1,1,DE,54.0,
2023-10-24,2023-10-24,FCR,NEGPOS_04_08,23.5,1,1,CH,54.0,
2023-10-24,2023-10-24,FCR,NEGPOS_04_08,24.0,17,17,FR,53.48,
2023-10-24,2023-10-24,FCR,NEGPOS_04_08,24.0,14,14,DE,54.0,
2023-10-24,2023-10-24,FCR,NEGPOS_04_08,24.1,4,4,DE,54.0,
2023-10-24,2023-10-24,FCR,NEGPOS_04_08,24.9,1,1,DE,54.0,
2023-10-24,2023-10-24,FCR,NEGPOS_04_08,25.48,7,7,FR,53.48,
2023-10-24,2023-10-24,FCR,NEGPOS_04_08,27.0,1,1,CH,54.0,
2023-10-24,2023-10-24,FCR,NEGPOS_04_08,27.02,1,1,DE,54.0,
2023-10-24,2023-10-24,FCR,NEGPOS_04_08,27.4,1,1,DE,54.0,
2023-10-24,2023-10-24,FCR,NEGPOS_04_08,28.0,6,6,NL,54.0,
2023-10-24,2023-10-24,FCR,NEGPOS_04_08,28.0,4,4,DE,54.0,
2023-10-24,2023-10-24,FCR,NEGPOS_04_08,28.1,4,4,DE,54.0,
2023-10-24,2023-10-24,FCR,NEGPOS_04_08,28.56,7,7,FR,53.48,
2023-10-24,2023-10-24,FCR,NEGPOS_04_08,28.6,7,7,FR,53.48,
2023-10-24,2023-10-24,FCR,NEGPOS_04_08,29.9,1,1,DE,54.0,
2023-10-24,2023-10-24,FCR,NEGPOS_04_08,30.0,5,5,DE,54.0,
2023-10-24,2023-10-24,FCR,NEGPOS_04_08,30.5,1,1,CH,54.0,
2023-10-24,2023-10-24,FCR,NEGPOS_04_08,30.73,1,1,DE,54.0,
2023-10-24,2023-10-24,FCR,NEGPOS_04_08,31.72,7,7,FR,53.48,
2023-10-24,2023-10-24,FCR,NEGPOS_04_08,32.0,2,2,DE,54.0,
2023-10-24,2023-10-24,FCR,NEGPOS_04_08,32.1,4,4,DE,54.0,
2023-10-24,2023-10-24,FCR,NEGPOS_04_08,32.4,1,1,DE,54.0,
2023-10-24,2023-10-24,FCR,NEGPOS_04_08,34.0,1,1,CH,54.0,
2023-10-24,2023-10-24,FCR,NEGPOS_04_08,34.43,1,1,DE,54.0,
2023-10-24,2023-10-24,FCR,NEGPOS_04_08,34.84,7,7,FR,53.48,
2023-10-24,2023-10-24,FCR,NEGPOS_04_08,34.9,1,1,DE,54.0,
2023-10-24,2023-10-24,FCR,NEGPOS_04_08,36.0,5,5,FR,53.48,
2023-10-24,2023-10-24,FCR,NEGPOS_04_08,36.64,7,7,FR,53.48,
2023-10-24,2023-10-24,FCR,NEGPOS_04_08,37.4,1,1,DE,54.0,
2023-10-24,2023-10-24,FCR,NEGPOS_04_08,37.5,1,1,CH,54.0,
2023-10-24,2023-10-24,FCR,NEGPOS_04_08,37.92,7,7,FR,53.48,
2023-10-24,2023-10-24,FCR,NEGPOS_04_08,38.13,1,1,DE,54.0,
2023-10-24,2023-10-24,FCR,NEGPOS_04_08,39.9,1,1,DE,54.0,
2023-10-24,2023-10-24,FCR,NEGPOS_04_08,40.5,3,3,AT,54.0,
2023-10-24,2023-10-24,FCR,NEGPOS_04_08,41.0,1,1,CH,54.0,
2023-10-24,2023-10-24,FCR,NEGPOS_04_08,41.04,7,7,FR,53.48,
2023-10-24,2023-10-24,FCR,NEGPOS_04_08,41.36,5,5,AT,54.0,
2023-10-24,2023-10-24,FCR,NEGPOS_04_08,41.76,3,3,AT,54.0,
2023-10-24,2023-10-24,FCR,NEGPOS_04_08,41.84,1,1,DE,54.0,
2023-10-24,2023-10-24,FCR,NEGPOS_04_08,42.4,1,1,DE,54.0,
2023-10-24,2023-10-24,FCR,NEGPOS_04_08,43.04,7,7,FR,53.48,
2023-10-24,2023-10-24,FCR,NEGPOS_04_08,44.16,7,7,FR,53.48,
2023-10-24,2023-10-24,FCR,NEGPOS_04_08,44.5,1,1,CH,54.0,
2023-10-24,2023-10-24,FCR,NEGPOS_04_08,44.9,1,1,DE,54.0,
2023-10-24,2023-10-24,FCR,NEGPOS_04_08,45.0,3,3,CH,54.0,
2023-10-24,2023-10-24,FCR,NEGPOS_04_08,45.0,3,3,DE,54.0,
2023-10-24,2023-10-24,FCR,NEGPOS_04_08,45.54,1,1,DE,54.0,
2023-10-24,2023-10-24,FCR,NEGPOS_04_08,46.0,3,3,CH,54.0,
2023-10-24,2023-10-24,FCR,NEGPOS_04_08,47.24,7,7,FR,53.48,
2023-10-24,2023-10-24,FCR,NEGPOS_04_08,47.28,7,7,FR,53.48,
2023-10-24,2023-10-24,FCR,NEGPOS_04_08,47.4,1,1,DE,54.0,
2023-10-24,2023-10-24,FCR,NEGPOS_04_08,48.0,1,1,CH,54.0,
2023-10-24,2023-10-24,FCR,NEGPOS_04_08,48.0,5,5,FR,53.48,
2023-10-24,2023-10-24,FCR,NEGPOS_04_08,48.02,5,5,DE,54.0,
2023-10-24,2023-10-24,FCR,NEGPOS_04_08,48.24,1,1,DK,54.0,
2023-10-24,2023-10-24,FCR,NEGPOS_04_08,49.24,1,1,DE,54.0,
2023-10-24,2023-10-24,FCR,NEGPOS_04_08,49.9,1,1,DE,54.0,
2023-10-24,2023-10-24,FCR,NEGPOS_04_08,50.0,3,3,CH,54.0,
2023-10-24,2023-10-24,FCR,NEGPOS_04_08,50.36,7,7,FR,53.48,
2023-10-24,2023-10-24,FCR,NEGPOS_04_08,51.4,7,7,FR,53.48,
2023-10-24,2023-10-24,FCR,NEGPOS_04_08,52.4,1,1,DE,54.0,
2023-10-24,2023-10-24,FCR,NEGPOS_04_08,52.7,1,1,CH,54.0,
2023-10-24,2023-10-24,FCR,NEGPOS_04_08,52.95,1,1,DE,54.0,
2023-10-24,2023-10-24,FCR,NEGPOS_04_08,53.48,7,5,FR,53.48,
2023-10-24,2023-10-24,FCR,NEGPOS_04_08,54.0,3,3,CH,54.0,
2023-10-24,2023-10-24,FCR,NEGPOS_04_08,54.0,2,1,AT,54.0,
2023-10-24,2023-10-24,FCR,NEGPOS_04_08,71.2,25,25,CZ,71.2,INDIVISIBLE
2023-10-24,2023-10-24,FCR,NEGPOS_04_08,212.4,3,3,BE,212.4,INDIVISIBLE
2023-10-24,2023-10-24,FCR,NEGPOS_08_12,0.0,2,2,DE,47.44,
2023-10-24,2023-10-24,FCR,NEGPOS_08_12,0.0,1,1,DE,47.44,
2023-10-24,2023-10-24,FCR,NEGPOS_08_12,0.0,1,1,DE,47.44,
2023-10-24,2023-10-24,FCR,NEGPOS_08_12,0.0,2,2,DE,47.44,
2023-10-24,2023-10-24,FCR,NEGPOS_08_12,0.0,12,12,DE,47.44,
2023-10-24,2023-10-24,FCR,NEGPOS_08_12,0.0,9,9,DE,47.44,
2023-10-24,2023-10-24,FCR,NEGPOS_08_12,0.0,4,4,DE,47.44,
2023-10-24,2023-10-24,FCR,NEGPOS_08_12,0.0,1,1,DE,47.44,
2023-10-24,2023-10-24,FCR,NEGPOS_08_12,0.0,1,1,BE,88.92,
2023-10-24,2023-10-24,FCR,NEGPOS_08_12,0.0,1,1,BE,88.92,
2023-10-24,2023-10-24,FCR,NEGPOS_08_12,0.0,15,15,DE,47.44,
2023-10-24,2023-10-24,FCR,NEGPOS_08_12,0.0,1,1,NL,47.44,
2023-10-24,2023-10-24,FCR,NEGPOS_08_12,0.0,1,1,NL,47.44,
2023-10-24,2023-10-24,FCR,NEGPOS_08_12,0.0,1,1,NL,47.44,
2023-10-24,2023-10-24,FCR,NEGPOS_08_12,0.0,1,1,NL,47.44,
2023-10-24,2023-10-24,FCR,NEGPOS_08_12,0.0,1,1,DE,47.44,
2023-10-24,2023-10-24,FCR,NEGPOS_08_12,0.0,1,1,DE,47.44,
2023-10-24,2023-10-24,FCR,NEGPOS_08_12,0.0,1,1,NL,47.44,
2023-10-24,2023-10-24,FCR,NEGPOS_08_12,0.0,1,1,DE,47.44,
2023-10-24,2023-10-24,FCR,NEGPOS_08_12,0.0,2,2,FR,47.44,
2023-10-24,2023-10-24,FCR,NEGPOS_08_12,0.0,3,3,DE,47.44,
2023-10-24,2023-10-24,FCR,NEGPOS_08_12,0.0,2,2,FR,47.44,
2023-10-24,2023-10-24,FCR,NEGPOS_08_12,0.0,1,1,FR,47.44,
2023-10-24,2023-10-24,FCR,NEGPOS_08_12,0.0,1,1,NL,47.44,
2023-10-24,2023-10-24,FCR,NEGPOS_08_12,0.0,10,10,DE,47.44,
2023-10-24,2023-10-24,FCR,NEGPOS_08_12,0.0,4,4,FR,47.44,
2023-10-24,2023-10-24,FCR,NEGPOS_08_12,0.0,10,10,DE,47.44,
2023-10-24,2023-10-24,FCR,NEGPOS_08_12,0.0,2,2,DE,47.44,
2023-10-24,2023-10-24,FCR,NEGPOS_08_12,0.16,7,7,FR,47.44,
2023-10-24,2023-10-24,FCR,NEGPOS_08_12,0.36,7,7,FR,47.44,
2023-10-24,2023-10-24,FCR,NEGPOS_08_12,0.5,35,35,FR,47.44,
2023-10-24,2023-10-24,FCR,NEGPOS_08_12,0.52,7,7,FR,47.44,
2023-10-24,2023-10-24,FCR,NEGPOS_08_12,0.68,7,7,FR,47.44,
2023-10-24,2023-10-24,FCR,NEGPOS_08_12,0.88,7,7,FR,47.44,
2023-10-24,2023-10-24,FCR,NEGPOS_08_12,1.0,2,2,DE,47.44,
2023-10-24,2023-10-24,FCR,NEGPOS_08_12,1.0,14,14,DE,47.44,
2023-10-24,2023-10-24,FCR,NEGPOS_08_12,1.0,1,1,AT,47.44,
2023-10-24,2023-10-24,FCR,NEGPOS_08_12,1.0,9,9,DE,47.44,
2023-10-24,2023-10-24,FCR,NEGPOS_08_12,1.0,12,12,CH,47.44,
2023-10-24,2023-10-24,FCR,NEGPOS_08_12,1.0,3,3,DE,47.44,
2023-10-24,2023-10-24,FCR,NEGPOS_08_12,1.04,7,7,FR,47.44,
2023-10-24,2023-10-24,FCR,NEGPOS_08_12,1.2,7,7,FR,47.44,
2023-10-24,2023-10-24,FCR,NEGPOS_08_12,1.32,106,106,FR,47.44,
2023-10-24,2023-10-24,FCR,NEGPOS_08_12,1.4,7,7,FR,47.44,
2023-10-24,2023-10-24,FCR,NEGPOS_08_12,1.5,7,7,DE,47.44,
2023-10-24,2023-10-24,FCR,NEGPOS_08_12,1.56,7,7,FR,47.44,
2023-10-24,2023-10-24,FCR,NEGPOS_08_12,1.72,7,7,FR,47.44,
2023-10-24,2023-10-24,FCR,NEGPOS_08_12,1.92,7,7,FR,47.44,
2023-10-24,2023-10-24,FCR,NEGPOS_08_12,2.0,14,14,DE,47.44,
2023-10-24,2023-10-24,FCR,NEGPOS_08_12,2.08,7,7,FR,47.44,
2023-10-24,2023-10-24,FCR,NEGPOS_08_12,2.24,7,7,FR,47.44,
2023-10-24,2023-10-24,FCR,NEGPOS_08_12,2.44,7,7,FR,47.44,
2023-10-24,2023-10-24,FCR,NEGPOS_08_12,2.44,3,3,CZ,71.2,
2023-10-24,2023-10-24,FCR,NEGPOS_08_12,2.6,7,7,FR,47.44,
2023-10-24,2023-10-24,FCR,NEGPOS_08_12,2.76,7,7,FR,47.44,
2023-10-24,2023-10-24,FCR,NEGPOS_08_12,2.96,7,7,FR,47.44,
2023-10-24,2023-10-24,FCR,NEGPOS_08_12,3.0,10,10,NL,47.44,
2023-10-24,2023-10-24,FCR,NEGPOS_08_12,3.12,7,7,FR,47.44,
2023-10-24,2023-10-24,FCR,NEGPOS_08_12,3.28,7,7,FR,47.44,
2023-10-24,2023-10-24,FCR,NEGPOS_08_12,3.33,18,18,DE,47.44,
2023-10-24,2023-10-24,FCR,NEGPOS_08_12,3.48,7,7,FR,47.44,
2023-10-24,2023-10-24,FCR,NEGPOS_08_12,3.6,5,5,AT,47.44,
2023-10-24,2023-10-24,FCR,NEGPOS_08_12,3.64,7,7,FR,47.44,
2023-10-24,2023-10-24,FCR,NEGPOS_08_12,3.72,7,7,FR,47.44,
2023-10-24,2023-10-24,FCR,NEGPOS_08_12,3.8,7,7,FR,47.44,
2023-10-24,2023-10-24,FCR,NEGPOS_08_12,3.8,14,14,DE,47.44,
2023-10-24,2023-10-24,FCR,NEGPOS_08_12,3.8,14,14,DE,47.44,
2023-10-24,2023-10-24,FCR,NEGPOS_08_12,3.84,15,15,DE,47.44,
2023-10-24,2023-10-24,FCR,NEGPOS_08_12,3.87,13,13,DE,47.44,
2023-10-24,2023-10-24,FCR,NEGPOS_08_12,3.96,2,2,CH,47.44,
2023-10-24,2023-10-24,FCR,NEGPOS_08_12,3.98,15,15,DE,47.44,
2023-10-24,2023-10-24,FCR,NEGPOS_08_12,4.0,3,3,CZ,71.2,
2023-10-24,2023-10-24,FCR,NEGPOS_08_12,4.0,33,33,DE,47.44,
2023-10-24,2023-10-24,FCR,NEGPOS_08_12,4.0,5,5,AT,47.44,
2023-10-24,2023-10-24,FCR,NEGPOS_08_12,4.0,18,18,FR,47.44,
2023-10-24,2023-10-24,FCR,NEGPOS_08_12,4.0,1,1,DE,47.44,
2023-10-24,2023-10-24,FCR,NEGPOS_08_12,4.0,1,1,NL,47.44,
2023-10-24,2023-10-24,FCR,NEGPOS_08_12,4.4,5,5,AT,47.44,
2023-10-24,2023-10-24,FCR,NEGPOS_08_12,4.8,1,1,DE,47.44,
2023-10-24,2023-10-24,FCR,NEGPOS_08_12,4.8,1,1,DE,47.44,
2023-10-24,2023-10-24,FCR,NEGPOS_08_12,4.8,1,1,DE,47.44,
2023-10-24,2023-10-24,FCR,NEGPOS_08_12,4.8,1,1,DE,47.44,
2023-10-24,2023-10-24,FCR,NEGPOS_08_12,4.8,1,1,DE,47.44,
2023-10-24,2023-10-24,FCR,NEGPOS_08_12,4.8,1,1,DE,47.44,
2023-10-24,2023-10-24,FCR,NEGPOS_08_12,4.8,1,1,AT,47.44,
2023-10-24,2023-10-24,FCR,NEGPOS_08_12,4.9,1,1,DE,47.44,
2023-10-24,2023-10-24,FCR,NEGPOS_08_12,5.0,2,2,DE,47.44,
2023-10-24,2023-10-24,FCR,NEGPOS_08_12,5.0,1,1,DE,47.44,
2023-10-24,2023-10-24,FCR,NEGPOS_08_12,5.0,1,1,DE,47.44,
2023-10-24,2023-10-24,FCR,NEGPOS_08_12,5.0,1,1,DE,47.44,
2023-10-24,2023-10-24,FCR,NEGPOS_08_12,5.0,1,1,DE,47.44,
2023-10-24,2023-10-24,FCR,NEGPOS_08_12,5.0,1,1,DE,47.44,
2023-10-24,2023-10-24,FCR,NEGPOS_08_12,5.0,1,1,DE,47.44,
2023-10-24,2023-10-24,FCR,NEGPOS_08_12,5.0,1,1,DE,47.44,
2023-10-24,2023-10-24,FCR,NEGPOS_08_12,5.0,1,1,DE,47.44,
2023-10-24,2023-10-24,FCR,NEGPOS_08_12,5.0,1,1,DE,47.44,
2023-10-24,2023-10-24,FCR,NEGPOS_08_12,5.0,1,1,DE,47.44,
2023-10-24,2023-10-24,FCR,NEGPOS_08_12,5.0,1,1,DE,47.44,
2023-10-24,2023-10-24,FCR,NEGPOS_08_12,5.0,5,5,DE,47.44,
2023-10-24,2023-10-24,FCR,NEGPOS_08_12,5.0,1,1,DE,47.44,
2023-10-24,2023-10-24,FCR,NEGPOS_08_12,5.0,1,1,DE,47.44,
2023-10-24,2023-10-24,FCR,NEGPOS_08_12,5.0,1,1,DE,47.44,
2023-10-24,2023-10-24,FCR,NEGPOS_08_12,5.0,15,15,DE,47.44,
2023-10-24,2023-10-24,FCR,NEGPOS_08_12,5.0,1,1,DE,47.44,
2023-10-24,2023-10-24,FCR,NEGPOS_08_12,5.0,1,1,DE,47.44,
2023-10-24,2023-10-24,FCR,NEGPOS_08_12,5.0,1,1,DE,47.44,
2023-10-24,2023-10-24,FCR,NEGPOS_08_12,5.0,1,1,DE,47.44,
2023-10-24,2023-10-24,FCR,NEGPOS_08_12,5.0,8,8,DE,47.44,
2023-10-24,2023-10-24,FCR,NEGPOS_08_12,5.0,1,1,DE,47.44,
2023-10-24,2023-10-24,FCR,NEGPOS_08_12,5.0,1,1,DE,47.44,
2023-10-24,2023-10-24,FCR,NEGPOS_08_12,5.0,1,1,DE,47.44,
2023-10-24,2023-10-24,FCR,NEGPOS_08_12,5.0,1,1,DE,47.44,
2023-10-24,2023-10-24,FCR,NEGPOS_08_12,5.0,5,5,DE,47.44,
2023-10-24,2023-10-24,FCR,NEGPOS_08_12,5.0,1,1,DE,47.44,
2023-10-24,2023-10-24,FCR,NEGPOS_08_12,5.0,1,1,DE,47.44,
2023-10-24,2023-10-24,FCR,NEGPOS_08_12,5.0,16,16,DE,47.44,
2023-10-24,2023-10-24,FCR,NEGPOS_08_12,5.0,1,1,DE,47.44,
2023-10-24,2023-10-24,FCR,NEGPOS_08_12,5.0,1,1,DE,47.44,
2023-10-24,2023-10-24,FCR,NEGPOS_08_12,5.0,7,7,DE,47.44,
2023-10-24,2023-10-24,FCR,NEGPOS_08_12,5.0,5,5,DE,47.44,
2023-10-24,2023-10-24,FCR,NEGPOS_08_12,5.0,8,8,DE,47.44,
2023-10-24,2023-10-24,FCR,NEGPOS_08_12,5.0,1,1,DE,47.44,
2023-10-24,2023-10-24,FCR,NEGPOS_08_12,5.0,1,1,DE,47.44,
2023-10-24,2023-10-24,FCR,NEGPOS_08_12,5.0,10,10,DE,47.44,
2023-10-24,2023-10-24,FCR,NEGPOS_08_12,5.0,6,6,DE,47.44,
2023-10-24,2023-10-24,FCR,NEGPOS_08_12,5.23,3,3,NL,47.44,
2023-10-24,2023-10-24,FCR,NEGPOS_08_12,5.32,7,7,FR,47.44,
2023-10-24,2023-10-24,FCR,NEGPOS_08_12,5.55,3,3,DE,47.44,
2023-10-24,2023-10-24,FCR,NEGPOS_08_12,6.0,2,2,FR,47.44,INDIVISIBLE
2023-10-24,2023-10-24,FCR,NEGPOS_08_12,6.0,2,2,FR,47.44,INDIVISIBLE
2023-10-24,2023-10-24,FCR,NEGPOS_08_12,6.0,6,6,FR,47.44,INDIVISIBLE
2023-10-24,2023-10-24,FCR,NEGPOS_08_12,6.0,10,10,DE,47.44,
2023-10-24,2023-10-24,FCR,NEGPOS_08_12,6.0,10,10,DE,47.44,
2023-10-24,2023-10-24,FCR,NEGPOS_08_12,6.5,18,18,DE,47.44,
2023-10-24,2023-10-24,FCR,NEGPOS_08_12,6.64,7,7,FR,47.44,
2023-10-24,2023-10-24,FCR,NEGPOS_08_12,6.66,7,7,DE,47.44,
2023-10-24,2023-10-24,FCR,NEGPOS_08_12,6.7,1,1,DE,47.44,
2023-10-24,2023-10-24,FCR,NEGPOS_08_12,6.8,5,5,AT,47.44,
2023-10-24,2023-10-24,FCR,NEGPOS_08_12,7.0,10,10,DE,47.44,
2023-10-24,2023-10-24,FCR,NEGPOS_08_12,7.0,3,3,DE,47.44,
2023-10-24,2023-10-24,FCR,NEGPOS_08_12,7.0,1,1,DE,47.44,
2023-10-24,2023-10-24,FCR,NEGPOS_08_12,7.0,10,10,DE,47.44,
2023-10-24,2023-10-24,FCR,NEGPOS_08_12,7.2,5,5,AT,47.44,
2023-10-24,2023-10-24,FCR,NEGPOS_08_12,7.37,1,1,NL,47.44,
2023-10-24,2023-10-24,FCR,NEGPOS_08_12,7.4,1,1,DE,47.44,
2023-10-24,2023-10-24,FCR,NEGPOS_08_12,7.5,8,8,DE,47.44,
2023-10-24,2023-10-24,FCR,NEGPOS_08_12,7.5,8,8,DE,47.44,
2023-10-24,2023-10-24,FCR,NEGPOS_08_12,7.6,2,2,AT,47.44,
2023-10-24,2023-10-24,FCR,NEGPOS_08_12,8.0,8,8,DE,47.44,
2023-10-24,2023-10-24,FCR,NEGPOS_08_12,8.0,6,6,AT,47.44,
2023-10-24,2023-10-24,FCR,NEGPOS_08_12,8.2,6,6,AT,47.44,
2023-10-24,2023-10-24,FCR,NEGPOS_08_12,8.33,7,7,DE,47.44,
2023-10-24,2023-10-24,FCR,NEGPOS_08_12,8.34,1,1,DE,47.44,
2023-10-24,2023-10-24,FCR,NEGPOS_08_12,8.4,4,4,AT,47.44,
2023-10-24,2023-10-24,FCR,NEGPOS_08_12,8.5,1,1,DE,47.44,
2023-10-24,2023-10-24,FCR,NEGPOS_08_12,8.84,7,7,FR,47.44,
2023-10-24,2023-10-24,FCR,NEGPOS_08_12,9.48,22,22,BE,88.92,
2023-10-24,2023-10-24,FCR,NEGPOS_08_12,9.56,7,7,FR,47.44,
2023-10-24,2023-10-24,FCR,NEGPOS_08_12,9.9,1,1,DE,47.44,
2023-10-24,2023-10-24,FCR,NEGPOS_08_12,9.99,6,6,NL,47.44,
2023-10-24,2023-10-24,FCR,NEGPOS_08_12,10.0,8,8,DE,47.44,
2023-10-24,2023-10-24,FCR,NEGPOS_08_12,10.0,7,7,DE,47.44,
2023-10-24,2023-10-24,FCR,NEGPOS_08_12,10.0,21,21,DE,47.44,
2023-10-24,2023-10-24,FCR,NEGPOS_08_12,10.0,8,8,DE,47.44,
2023-10-24,2023-10-24,FCR,NEGPOS_08_12,10.0,6,6,DE,47.44,
2023-10-24,2023-10-24,FCR,NEGPOS_08_12,10.0,1,1,CH,47.44,
2023-10-24,2023-10-24,FCR,NEGPOS_08_12,10.4,5,5,AT,47.44,
2023-10-24,2023-10-24,FCR,NEGPOS_08_12,10.8,5,5,AT,47.44,
2023-10-24,2023-10-24,FCR,NEGPOS_08_12,11.2,2,2,AT,47.44,
2023-10-24,2023-10-24,FCR,NEGPOS_08_12,11.28,7,7,FR,47.44,
2023-10-24,2023-10-24,FCR,NEGPOS_08_12,11.65,3,3,NL,47.44,
2023-10-24,2023-10-24,FCR,NEGPOS_08_12,12.0,4,4,DE,47.44,
2023-10-24,2023-10-24,FCR,NEGPOS_08_12,12.0,17,17,FR,47.44,
2023-10-24,2023-10-24,FCR,NEGPOS_08_12,12.0,18,18,FR,47.44,
2023-10-24,2023-10-24,FCR,NEGPOS_08_12,12.0,4,4,FR,47.44,
2023-10-24,2023-10-24,FCR,NEGPOS_08_12,12.21,1,1,DE,47.44,
2023-10-24,2023-10-24,FCR,NEGPOS_08_12,12.4,1,1,DE,47.44,
2023-10-24,2023-10-24,FCR,NEGPOS_08_12,12.4,2,2,AT,47.44,
2023-10-24,2023-10-24,FCR,NEGPOS_08_12,12.48,7,7,FR,47.44,
2023-10-24,2023-10-24,FCR,NEGPOS_08_12,12.5,1,1,DE,47.44,
2023-10-24,2023-10-24,FCR,NEGPOS_08_12,12.75,10,10,NL,47.44,
2023-10-24,2023-10-24,FCR,NEGPOS_08_12,13.6,4,4,AT,47.44,
2023-10-24,2023-10-24,FCR,NEGPOS_08_12,13.68,7,7,FR,47.44,
2023-10-24,2023-10-24,FCR,NEGPOS_08_12,14.0,1,1,DK,47.44,
2023-10-24,2023-10-24,FCR,NEGPOS_08_12,14.17,73,73,FR,47.44,
2023-10-24,2023-10-24,FCR,NEGPOS_08_12,14.9,1,1,DE,47.44,
2023-10-24,2023-10-24,FCR,NEGPOS_08_12,15.36,7,7,FR,47.44,
2023-10-24,2023-10-24,FCR,NEGPOS_08_12,15.91,1,1,DE,47.44,
2023-10-24,2023-10-24,FCR,NEGPOS_08_12,17.2,2,2,AT,47.44,
2023-10-24,2023-10-24,FCR,NEGPOS_08_12,17.4,1,1,DE,47.44,
2023-10-24,2023-10-24,FCR,NEGPOS_08_12,18.28,7,7,FR,47.44,
2023-10-24,2023-10-24,FCR,NEGPOS_08_12,18.56,7,7,FR,47.44,
2023-10-24,2023-10-24,FCR,NEGPOS_08_12,19.61,1,1,DE,47.44,
2023-10-24,2023-10-24,FCR,NEGPOS_08_12,19.9,1,1,DE,47.44,
2023-10-24,2023-10-24,FCR,NEGPOS_08_12,20.0,2,2,FR,47.44,
2023-10-24,2023-10-24,FCR,NEGPOS_08_12,20.0,1,1,FR,47.44,
2023-10-24,2023-10-24,FCR,NEGPOS_08_12,20.0,25,25,CH,47.44,
2023-10-24,2023-10-24,FCR,NEGPOS_08_12,21.2,7,7,FR,47.44,
2023-10-24,2023-10-24,FCR,NEGPOS_08_12,21.44,1,1,DK,47.44,
2023-10-24,2023-10-24,FCR,NEGPOS_08_12,22.0,2,2,DE,47.44,
2023-10-24,2023-10-24,FCR,NEGPOS_08_12,22.0,14,14,DE,47.44,
2023-10-24,2023-10-24,FCR,NEGPOS_08_12,22.1,4,4,DE,47.44,
2023-10-24,2023-10-24,FCR,NEGPOS_08_12,22.2,1,1,CH,47.44,
2023-10-24,2023-10-24,FCR,NEGPOS_08_12,22.4,1,1,DE,47.44,
2023-10-24,2023-10-24,FCR,NEGPOS_08_12,23.32,1,1,DE,47.44,
2023-10-24,2023-10-24,FCR,NEGPOS_08_12,24.0,13,13,DE,47.44,
2023-10-24,2023-10-24,FCR,NEGPOS_08_12,24.0,17,17,FR,47.44,
2023-10-24,2023-10-24,FCR,NEGPOS_08_12,24.1,4,4,DE,47.44,
2023-10-24,2023-10-24,FCR,NEGPOS_08_12,24.12,7,7,FR,47.44,
2023-10-24,2023-10-24,FCR,NEGPOS_08_12,24.4,1,1,CH,47.44,
2023-10-24,2023-10-24,FCR,NEGPOS_08_12,24.9,1,1,DE,47.44,
2023-10-24,2023-10-24,FCR,NEGPOS_08_12,25.0,12,12,CH,47.44,INDIVISIBLE
2023-10-24,2023-10-24,FCR,NEGPOS_08_12,26.7,1,1,CH,47.44,
2023-10-24,2023-10-24,FCR,NEGPOS_08_12,27.02,1,1,DE,47.44,
2023-10-24,2023-10-24,FCR,NEGPOS_08_12,27.04,7,7,FR,47.44,
2023-10-24,2023-10-24,FCR,NEGPOS_08_12,27.4,1,1,DE,47.44,
2023-10-24,2023-10-24,FCR,NEGPOS_08_12,28.0,6,6,NL,47.44,
2023-10-24,2023-10-24,FCR,NEGPOS_08_12,28.0,3,3,DE,47.44,
2023-10-24,2023-10-24,FCR,NEGPOS_08_12,28.1,4,4,DE,47.44,
2023-10-24,2023-10-24,FCR,NEGPOS_08_12,28.9,1,1,CH,47.44,
2023-10-24,2023-10-24,FCR,NEGPOS_08_12,29.36,3,3,CH,47.44,INDIVISIBLE
2023-10-24,2023-10-24,FCR,NEGPOS_08_12,29.9,1,1,DE,47.44,
2023-10-24,2023-10-24,FCR,NEGPOS_08_12,29.96,7,7,FR,47.44,
2023-10-24,2023-10-24,FCR,NEGPOS_08_12,30.0,5,5,DE,47.44,
2023-10-24,2023-10-24,FCR,NEGPOS_08_12,30.73,1,1,DE,47.44,
2023-10-24,2023-10-24,FCR,NEGPOS_08_12,31.1,1,1,CH,47.44,
2023-10-24,2023-10-24,FCR,NEGPOS_08_12,32.0,2,2,DE,47.44,
2023-10-24,2023-10-24,FCR,NEGPOS_08_12,32.1,4,4,DE,47.44,
2023-10-24,2023-10-24,FCR,NEGPOS_08_12,32.4,1,1,DE,47.44,
2023-10-24,2023-10-24,FCR,NEGPOS_08_12,32.88,7,7,FR,47.44,
2023-10-24,2023-10-24,FCR,NEGPOS_08_12,33.3,1,1,CH,47.44,
2023-10-24,2023-10-24,FCR,NEGPOS_08_12,34.43,1,1,DE,47.44,
2023-10-24,2023-10-24,FCR,NEGPOS_08_12,34.9,1,1,DE,47.44,
2023-10-24,2023-10-24,FCR,NEGPOS_08_12,35.6,1,1,CH,47.44,
2023-10-24,2023-10-24,FCR,NEGPOS_08_12,35.76,7,7,FR,47.44,
2023-10-24,2023-10-24,FCR,NEGPOS_08_12,36.0,5,5,FR,47.44,
2023-10-24,2023-10-24,FCR,NEGPOS_08_12,37.4,1,1,DE,47.44,
2023-10-24,2023-10-24,FCR,NEGPOS_08_12,37.8,1,1,CH,47.44,
2023-10-24,2023-10-24,FCR,NEGPOS_08_12,38.13,1,1,DE,47.44,
2023-10-24,2023-10-24,FCR,NEGPOS_08_12,38.44,7,7,FR,47.44,
2023-10-24,2023-10-24,FCR,NEGPOS_08_12,38.68,7,7,FR,47.44,
2023-10-24,2023-10-24,FCR,NEGPOS_08_12,38.76,5,5,AT,47.44,
2023-10-24,2023-10-24,FCR,NEGPOS_08_12,39.16,3,3,AT,47.44,
2023-10-24,2023-10-24,FCR,NEGPOS_08_12,39.9,1,1,DE,47.44,
2023-10-24,2023-10-24,FCR,NEGPOS_08_12,40.0,3,3,CH,47.44,
2023-10-24,2023-10-24,FCR,NEGPOS_08_12,40.0,1,1,CH,47.44,
2023-10-24,2023-10-24,FCR,NEGPOS_08_12,40.5,3,3,AT,47.44,
2023-10-24,2023-10-24,FCR,NEGPOS_08_12,41.0,3,3,CH,47.44,
2023-10-24,2023-10-24,FCR,NEGPOS_08_12,41.6,7,7,FR,47.44,
2023-10-24,2023-10-24,FCR,NEGPOS_08_12,41.84,1,1,DE,47.44,
2023-10-24,2023-10-24,FCR,NEGPOS_08_12,42.0,7,7,FR,47.44,
2023-10-24,2023-10-24,FCR,NEGPOS_08_12,42.0,3,3,CH,47.44,
2023-10-24,2023-10-24,FCR,NEGPOS_08_12,42.4,1,1,DE,47.44,
2023-10-24,2023-10-24,FCR,NEGPOS_08_12,43.0,10,10,AT,47.44,
2023-10-24,2023-10-24,FCR,NEGPOS_08_12,43.0,3,3,CH,47.44,
2023-10-24,2023-10-24,FCR,NEGPOS_08_12,43.0,1,1,CH,47.44,
2023-10-24,2023-10-24,FCR,NEGPOS_08_12,44.0,2,2,CH,47.44,
2023-10-24,2023-10-24,FCR,NEGPOS_08_12,44.52,7,7,FR,47.44,
2023-10-24,2023-10-24,FCR,NEGPOS_08_12,44.9,1,1,DE,47.44,
2023-10-24,2023-10-24,FCR,NEGPOS_08_12,45.0,3,3,DE,47.44,
2023-10-24,2023-10-24,FCR,NEGPOS_08_12,45.0,5,5,AT,47.44,
2023-10-24,2023-10-24,FCR,NEGPOS_08_12,45.0,1,1,CH,47.44,
2023-10-24,2023-10-24,FCR,NEGPOS_08_12,45.52,7,7,FR,47.44,
2023-10-24,2023-10-24,FCR,NEGPOS_08_12,45.54,1,1,DE,47.44,
2023-10-24,2023-10-24,FCR,NEGPOS_08_12,46.0,1,1,CH,47.44,
2023-10-24,2023-10-24,FCR,NEGPOS_08_12,46.0,1,1,CH,47.44,
2023-10-24,2023-10-24,FCR,NEGPOS_08_12,47.4,1,1,DE,47.44,
2023-10-24,2023-10-24,FCR,NEGPOS_08_12,47.44,7,7,FR,47.44,
2023-10-24,2023-10-24,FCR,NEGPOS_08_12,71.2,25,25,CZ,71.2,INDIVISIBLE
2023-10-24,2023-10-24,FCR,NEGPOS_08_12,88.92,3,3,BE,88.92,INDIVISIBLE
2023-10-24,2023-10-24,FCR,NEGPOS_12_16,0.0,1,1,NL,64.08,
2023-10-24,2023-10-24,FCR,NEGPOS_12_16,0.0,2,2,DE,64.08,
2023-10-24,2023-10-24,FCR,NEGPOS_12_16,0.0,4,4,FR,64.08,
2023-10-24,2023-10-24,FCR,NEGPOS_12_16,0.0,1,1,BE,229.72,
2023-10-24,2023-10-24,FCR,NEGPOS_12_16,0.0,1,1,BE,229.72,
2023-10-24,2023-10-24,FCR,NEGPOS_12_16,0.0,2,2,DE,64.08,
2023-10-24,2023-10-24,FCR,NEGPOS_12_16,0.0,12,12,DE,64.08,
2023-10-24,2023-10-24,FCR,NEGPOS_12_16,0.0,1,1,DE,64.08,
2023-10-24,2023-10-24,FCR,NEGPOS_12_16,0.0,1,1,DE,64.08,
2023-10-24,2023-10-24,FCR,NEGPOS_12_16,0.0,4,4,DE,64.08,
2023-10-24,2023-10-24,FCR,NEGPOS_12_16,0.0,1,1,DE,64.08,
2023-10-24,2023-10-24,FCR,NEGPOS_12_16,0.0,2,2,DE,64.08,
2023-10-24,2023-10-24,FCR,NEGPOS_12_16,0.0,15,15,DE,64.08,
2023-10-24,2023-10-24,FCR,NEGPOS_12_16,0.0,9,9,DE,64.08,
2023-10-24,2023-10-24,FCR,NEGPOS_12_16,0.0,1,1,DE,64.08,
2023-10-24,2023-10-24,FCR,NEGPOS_12_16,0.0,1,1,NL,64.08,
2023-10-24,2023-10-24,FCR,NEGPOS_12_16,0.0,10,10,DE,64.08,
2023-10-24,2023-10-24,FCR,NEGPOS_12_16,0.0,1,1,NL,64.08,
2023-10-24,2023-10-24,FCR,NEGPOS_12_16,0.0,1,1,NL,64.08,
2023-10-24,2023-10-24,FCR,NEGPOS_12_16,0.0,1,1,NL,64.08,
2023-10-24,2023-10-24,FCR,NEGPOS_12_16,0.0,1,1,NL,64.08,
2023-10-24,2023-10-24,FCR,NEGPOS_12_16,0.0,1,1,DE,64.08,
2023-10-24,2023-10-24,FCR,NEGPOS_12_16,0.0,1,1,FR,64.08,
2023-10-24,2023-10-24,FCR,NEGPOS_12_16,0.0,2,2,FR,64.08,
2023-10-24,2023-10-24,FCR,NEGPOS_12_16,0.0,1,1,DE,64.08,
2023-10-24,2023-10-24,FCR,NEGPOS_12_16,0.0,3,3,DE,64.08,
2023-10-24,2023-10-24,FCR,NEGPOS_12_16,0.0,2,2,FR,64.08,
2023-10-24,2023-10-24,FCR,NEGPOS_12_16,0.0,10,10,DE,64.08,
2023-10-24,2023-10-24,FCR,NEGPOS_12_16,0.07,73,73,FR,64.08,
2023-10-24,2023-10-24,FCR,NEGPOS_12_16,0.16,7,7,FR,64.08,
2023-10-24,2023-10-24,FCR,NEGPOS_12_16,0.36,7,7,FR,64.08,
2023-10-24,2023-10-24,FCR,NEGPOS_12_16,0.5,36,36,FR,64.08,
2023-10-24,2023-10-24,FCR,NEGPOS_12_16,0.52,7,7,FR,64.08,
2023-10-24,2023-10-24,FCR,NEGPOS_12_16,0.72,7,7,FR,64.08,
2023-10-24,2023-10-24,FCR,NEGPOS_12_16,0.88,7,7,FR,64.08,
2023-10-24,2023-10-24,FCR,NEGPOS_12_16,1.0,1,1,AT,64.08,
2023-10-24,2023-10-24,FCR,NEGPOS_12_16,1.0,12,12,CH,64.08,
2023-10-24,2023-10-24,FCR,NEGPOS_12_16,1.0,3,3,DE,64.08,
2023-10-24,2023-10-24,FCR,NEGPOS_12_16,1.0,2,2,DE,64.08,
2023-10-24,2023-10-24,FCR,NEGPOS_12_16,1.0,9,9,DE,64.08,
2023-10-24,2023-10-24,FCR,NEGPOS_12_16,1.0,14,14,DE,64.08,
2023-10-24,2023-10-24,FCR,NEGPOS_12_16,1.08,7,7,FR,64.08,
2023-10-24,2023-10-24,FCR,NEGPOS_12_16,1.24,7,7,FR,64.08,
2023-10-24,2023-10-24,FCR,NEGPOS_12_16,1.32,109,109,FR,64.08,
2023-10-24,2023-10-24,FCR,NEGPOS_12_16,1.44,7,7,FR,64.08,
2023-10-24,2023-10-24,FCR,NEGPOS_12_16,1.5,7,7,DE,64.08,
2023-10-24,2023-10-24,FCR,NEGPOS_12_16,1.6,7,7,FR,64.08,
2023-10-24,2023-10-24,FCR,NEGPOS_12_16,1.8,7,7,FR,64.08,
2023-10-24,2023-10-24,FCR,NEGPOS_12_16,1.96,7,7,FR,64.08,
2023-10-24,2023-10-24,FCR,NEGPOS_12_16,2.0,14,14,DE,64.08,
2023-10-24,2023-10-24,FCR,NEGPOS_12_16,2.16,7,7,FR,64.08,
2023-10-24,2023-10-24,FCR,NEGPOS_12_16,2.32,7,7,FR,64.08,
2023-10-24,2023-10-24,FCR,NEGPOS_12_16,2.44,3,3,CZ,71.2,
2023-10-24,2023-10-24,FCR,NEGPOS_12_16,2.52,7,7,FR,64.08,
2023-10-24,2023-10-24,FCR,NEGPOS_12_16,2.68,7,7,FR,64.08,
2023-10-24,2023-10-24,FCR,NEGPOS_12_16,2.88,7,7,FR,64.08,
2023-10-24,2023-10-24,FCR,NEGPOS_12_16,3.0,10,10,NL,64.08,
2023-10-24,2023-10-24,FCR,NEGPOS_12_16,3.04,7,7,FR,64.08,
2023-10-24,2023-10-24,FCR,NEGPOS_12_16,3.24,7,7,FR,64.08,
2023-10-24,2023-10-24,FCR,NEGPOS_12_16,3.25,14,14,DE,64.08,
2023-10-24,2023-10-24,FCR,NEGPOS_12_16,3.28,13,13,DE,64.08,
2023-10-24,2023-10-24,FCR,NEGPOS_12_16,3.33,18,18,DE,64.08,
2023-10-24,2023-10-24,FCR,NEGPOS_12_16,3.4,7,7,FR,64.08,
2023-10-24,2023-10-24,FCR,NEGPOS_12_16,3.52,15,15,DE,64.08,
2023-10-24,2023-10-24,FCR,NEGPOS_12_16,3.54,15,15,DE,64.08,
2023-10-24,2023-10-24,FCR,NEGPOS_12_16,3.58,14,14,DE,64.08,
2023-10-24,2023-10-24,FCR,NEGPOS_12_16,3.6,7,7,FR,64.08,
2023-10-24,2023-10-24,FCR,NEGPOS_12_16,3.6,5,5,AT,64.08,
2023-10-24,2023-10-24,FCR,NEGPOS_12_16,3.72,7,7,FR,64.08,
2023-10-24,2023-10-24,FCR,NEGPOS_12_16,3.76,7,7,FR,64.08,
2023-10-24,2023-10-24,FCR,NEGPOS_12_16,3.96,2,2,CH,64.08,
2023-10-24,2023-10-24,FCR,NEGPOS_12_16,4.0,3,3,CZ,71.2,
2023-10-24,2023-10-24,FCR,NEGPOS_12_16,4.0,1,1,DE,64.08,
2023-10-24,2023-10-24,FCR,NEGPOS_12_16,4.0,33,33,DE,64.08,
2023-10-24,2023-10-24,FCR,NEGPOS_12_16,4.0,18,18,FR,64.08,
2023-10-24,2023-10-24,FCR,NEGPOS_12_16,4.0,1,1,NL,64.08,
2023-10-24,2023-10-24,FCR,NEGPOS_12_16,4.0,5,5,AT,64.08,
2023-10-24,2023-10-24,FCR,NEGPOS_12_16,4.4,5,5,AT,64.08,
2023-10-24,2023-10-24,FCR,NEGPOS_12_16,4.8,1,1,DE,64.08,
2023-10-24,2023-10-24,FCR,NEGPOS_12_16,4.8,1,1,DE,64.08,
2023-10-24,2023-10-24,FCR,NEGPOS_12_16,4.8,1,1,DE,64.08,
2023-10-24,2023-10-24,FCR,NEGPOS_12_16,4.8,1,1,DE,64.08,
2023-10-24,2023-10-24,FCR,NEGPOS_12_16,4.8,1,1,DE,64.08,
2023-10-24,2023-10-24,FCR,NEGPOS_12_16,4.8,1,1,DE,64.08,
2023-10-24,2023-10-24,FCR,NEGPOS_12_16,4.8,1,1,AT,64.08,
2023-10-24,2023-10-24,FCR,NEGPOS_12_16,4.9,1,1,DE,64.08,
2023-10-24,2023-10-24,FCR,NEGPOS_12_16,5.0,5,5,DE,64.08,
2023-10-24,2023-10-24,FCR,NEGPOS_12_16,5.0,1,1,DE,64.08,
2023-10-24,2023-10-24,FCR,NEGPOS_12_16,5.0,1,1,DE,64.08,
2023-10-24,2023-10-24,FCR,NEGPOS_12_16,5.0,1,1,DE,64.08,
2023-10-24,2023-10-24,FCR,NEGPOS_12_16,5.0,1,1,DE,64.08,
2023-10-24,2023-10-24,FCR,NEGPOS_12_16,5.0,15,15,DE,64.08,
2023-10-24,2023-10-24,FCR,NEGPOS_12_16,5.0,2,2,DE,64.08,
2023-10-24,2023-10-24,FCR,NEGPOS_12_16,5.0,8,8,DE,64.08,
2023-10-24,2023-10-24,FCR,NEGPOS_12_16,5.0,1,1,DE,64.08,
2023-10-24,2023-10-24,FCR,NEGPOS_12_16,5.0,1,1,DE,64.08,
2023-10-24,2023-10-24,FCR,NEGPOS_12_16,5.0,1,1,DE,64.08,
2023-10-24,2023-10-24,FCR,NEGPOS_12_16,5.0,1,1,DE,64.08,
2023-10-24,2023-10-24,FCR,NEGPOS_12_16,5.0,1,1,DE,64.08,
2023-10-24,2023-10-24,FCR,NEGPOS_12_16,5.0,1,1,DE,64.08,
2023-10-24,2023-10-24,FCR,NEGPOS_12_16,5.0,16,16,DE,64.08,
2023-10-24,2023-10-24,FCR,NEGPOS_12_16,5.0,1,1,DE,64.08,
2023-10-24,2023-10-24,FCR,NEGPOS_12_16,5.0,1,1,DE,64.08,
2023-10-24,2023-10-24,FCR,NEGPOS_12_16,5.0,1,1,DE,64.08,
2023-10-24,2023-10-24,FCR,NEGPOS_12_16,5.0,1,1,DE,64.08,
2023-10-24,2023-10-24,FCR,NEGPOS_12_16,5.0,1,1,DE,64.08,
2023-10-24,2023-10-24,FCR,NEGPOS_12_16,5.0,1,1,DE,64.08,
2023-10-24,2023-10-24,FCR,NEGPOS_12_16,5.0,5,5,DE,64.08,
2023-10-24,2023-10-24,FCR,NEGPOS_12_16,5.0,8,8,DE,64.08,
2023-10-24,2023-10-24,FCR,NEGPOS_12_16,5.0,1,1,DE,64.08,
2023-10-24,2023-10-24,FCR,NEGPOS_12_16,5.0,1,1,DE,64.08,
2023-10-24,2023-10-24,FCR,NEGPOS_12_16,5.0,1,1,DE,64.08,
2023-10-24,2023-10-24,FCR,NEGPOS_12_16,5.0,1,1,DE,64.08,
2023-10-24,2023-10-24,FCR,NEGPOS_12_16,5.0,1,1,DE,64.08,
2023-10-24,2023-10-24,FCR,NEGPOS_12_16,5.0,1,1,DE,64.08,
2023-10-24,2023-10-24,FCR,NEGPOS_12_16,5.0,7,7,DE,64.08,
2023-10-24,2023-10-24,FCR,NEGPOS_12_16,5.0,1,1,DE,64.08,
2023-10-24,2023-10-24,FCR,NEGPOS_12_16,5.0,10,10,DE,64.08,
2023-10-24,2023-10-24,FCR,NEGPOS_12_16,5.0,6,6,DE,64.08,
2023-10-24,2023-10-24,FCR,NEGPOS_12_16,5.0,1,1,DE,64.08,
2023-10-24,2023-10-24,FCR,NEGPOS_12_16,5.0,1,1,DE,64.08,
2023-10-24,2023-10-24,FCR,NEGPOS_12_16,5.0,5,5,DE,64.08,
2023-10-24,2023-10-24,FCR,NEGPOS_12_16,5.0,1,1,DE,64.08,
2023-10-24,2023-10-24,FCR,NEGPOS_12_16,5.0,1,1,DE,64.08,
2023-10-24,2023-10-24,FCR,NEGPOS_12_16,5.0,1,1,DE,64.08,
2023-10-24,2023-10-24,FCR,NEGPOS_12_16,5.2,5,5,AT,64.08,
2023-10-24,2023-10-24,FCR,NEGPOS_12_16,5.23,3,3,NL,64.08,
2023-10-24,2023-10-24,FCR,NEGPOS_12_16,5.55,3,3,DE,64.08,
2023-10-24,2023-10-24,FCR,NEGPOS_12_16,5.6,3,3,AT,64.08,
2023-10-24,2023-10-24,FCR,NEGPOS_12_16,6.0,10,10,DE,64.08,
2023-10-24,2023-10-24,FCR,NEGPOS_12_16,6.0,2,2,FR,64.08,INDIVISIBLE
2023-10-24,2023-10-24,FCR,NEGPOS_12_16,6.0,6,6,FR,64.08,INDIVISIBLE
2023-10-24,2023-10-24,FCR,NEGPOS_12_16,6.0,2,2,FR,64.08,INDIVISIBLE
2023-10-24,2023-10-24,FCR,NEGPOS_12_16,6.0,10,10,DE,64.08,
2023-10-24,2023-10-24,FCR,NEGPOS_12_16,6.0,18,18,FR,64.08,
2023-10-24,2023-10-24,FCR,NEGPOS_12_16,6.5,17,17,DE,64.08,
2023-10-24,2023-10-24,FCR,NEGPOS_12_16,6.66,7,7,DE,64.08,
2023-10-24,2023-10-24,FCR,NEGPOS_12_16,6.7,1,1,DE,64.08,
2023-10-24,2023-10-24,FCR,NEGPOS_12_16,6.8,5,5,AT,64.08,
2023-10-24,2023-10-24,FCR,NEGPOS_12_16,7.0,1,1,DE,64.08,
2023-10-24,2023-10-24,FCR,NEGPOS_12_16,7.0,3,3,DE,64.08,
2023-10-24,2023-10-24,FCR,NEGPOS_12_16,7.0,10,10,DE,64.08,
2023-10-24,2023-10-24,FCR,NEGPOS_12_16,7.0,10,10,DE,64.08,
2023-10-24,2023-10-24,FCR,NEGPOS_12_16,7.2,5,5,AT,64.08,
2023-10-24,2023-10-24,FCR,NEGPOS_12_16,7.4,1,1,DE,64.08,
2023-10-24,2023-10-24,FCR,NEGPOS_12_16,7.5,8,8,DE,64.08,
2023-10-24,2023-10-24,FCR,NEGPOS_12_16,7.5,8,8,DE,64.08,
2023-10-24,2023-10-24,FCR,NEGPOS_12_16,7.6,2,2,AT,64.08,
2023-10-24,2023-10-24,FCR,NEGPOS_12_16,7.63,1,1,NL,64.08,
2023-10-24,2023-10-24,FCR,NEGPOS_12_16,7.76,7,7,FR,64.08,
2023-10-24,2023-10-24,FCR,NEGPOS_12_16,8.0,8,8,DE,64.08,
2023-10-24,2023-10-24,FCR,NEGPOS_12_16,8.0,6,6,AT,64.08,
2023-10-24,2023-10-24,FCR,NEGPOS_12_16,8.2,6,6,AT,64.08,
2023-10-24,2023-10-24,FCR,NEGPOS_12_16,8.33,7,7,DE,64.08,
2023-10-24,2023-10-24,FCR,NEGPOS_12_16,8.34,1,1,DE,64.08,
2023-10-24,2023-10-24,FCR,NEGPOS_12_16,8.4,4,4,AT,64.08,
2023-10-24,2023-10-24,FCR,NEGPOS_12_16,8.5,1,1,DE,64.08,
2023-10-24,2023-10-24,FCR,NEGPOS_12_16,9.48,22,22,BE,229.72,
2023-10-24,2023-10-24,FCR,NEGPOS_12_16,9.59,6,6,NL,64.08,
2023-10-24,2023-10-24,FCR,NEGPOS_12_16,9.9,1,1,DE,64.08,
2023-10-24,2023-10-24,FCR,NEGPOS_12_16,10.0,8,8,DE,64.08,
2023-10-24,2023-10-24,FCR,NEGPOS_12_16,10.0,8,8,DE,64.08,
2023-10-24,2023-10-24,FCR,NEGPOS_12_16,10.0,6,6,DE,64.08,
2023-10-24,2023-10-24,FCR,NEGPOS_12_16,10.0,5,5,FR,64.08,
2023-10-24,2023-10-24,FCR,NEGPOS_12_16,10.0,1,1,CH,64.08,
2023-10-24,2023-10-24,FCR,NEGPOS_12_16,10.0,7,7,DE,64.08,
2023-10-24,2023-10-24,FCR,NEGPOS_12_16,10.0,21,21,DE,64.08,
2023-10-24,2023-10-24,FCR,NEGPOS_12_16,10.4,5,5,AT,64.08,
2023-10-24,2023-10-24,FCR,NEGPOS_12_16,10.8,5,5,AT,64.08,
2023-10-24,2023-10-24,FCR,NEGPOS_12_16,11.2,2,2,AT,64.08,
2023-10-24,2023-10-24,FCR,NEGPOS_12_16,11.76,7,7,FR,64.08,
2023-10-24,2023-10-24,FCR,NEGPOS_12_16,12.0,17,17,FR,64.08,
2023-10-24,2023-10-24,FCR,NEGPOS_12_16,12.0,4,4,FR,64.08,
2023-10-24,2023-10-24,FCR,NEGPOS_12_16,12.0,4,4,DE,64.08,
2023-10-24,2023-10-24,FCR,NEGPOS_12_16,12.21,1,1,DE,64.08,
2023-10-24,2023-10-24,FCR,NEGPOS_12_16,12.38,6,6,NL,64.08,
2023-10-24,2023-10-24,FCR,NEGPOS_12_16,12.4,1,1,DE,64.08,
2023-10-24,2023-10-24,FCR,NEGPOS_12_16,12.4,2,2,AT,64.08,
2023-10-24,2023-10-24,FCR,NEGPOS_12_16,12.5,1,1,DE,64.08,
2023-10-24,2023-10-24,FCR,NEGPOS_12_16,12.7,7,7,NL,64.08,
2023-10-24,2023-10-24,FCR,NEGPOS_12_16,13.6,4,4,AT,64.08,
2023-10-24,2023-10-24,FCR,NEGPOS_12_16,14.0,1,1,DK,64.08,
2023-10-24,2023-10-24,FCR,NEGPOS_12_16,14.0,5,5,AT,64.08,
2023-10-24,2023-10-24,FCR,NEGPOS_12_16,14.4,2,2,AT,64.08,
2023-10-24,2023-10-24,FCR,NEGPOS_12_16,14.9,1,1,DE,64.08,
2023-10-24,2023-10-24,FCR,NEGPOS_12_16,15.8,7,7,FR,64.08,
2023-10-24,2023-10-24,FCR,NEGPOS_12_16,15.91,1,1,DE,64.08,
2023-10-24,2023-10-24,FCR,NEGPOS_12_16,16.2,5,5,AT,64.08,
2023-10-24,2023-10-24,FCR,NEGPOS_12_16,16.6,5,5,AT,64.08,
2023-10-24,2023-10-24,FCR,NEGPOS_12_16,17.0,2,2,AT,64.08,
2023-10-24,2023-10-24,FCR,NEGPOS_12_16,17.4,1,1,DE,64.08,
2023-10-24,2023-10-24,FCR,NEGPOS_12_16,17.4,2,2,AT,64.08,
2023-10-24,2023-10-24,FCR,NEGPOS_12_16,19.61,1,1,DE,64.08,
2023-10-24,2023-10-24,FCR,NEGPOS_12_16,19.8,7,7,FR,64.08,
2023-10-24,2023-10-24,FCR,NEGPOS_12_16,19.9,1,1,DE,64.08,
2023-10-24,2023-10-24,FCR,NEGPOS_12_16,20.0,1,1,FR,64.08,
2023-10-24,2023-10-24,FCR,NEGPOS_12_16,20.0,2,2,FR,64.08,
2023-10-24,2023-10-24,FCR,NEGPOS_12_16,20.0,25,25,CH,64.08,
2023-10-24,2023-10-24,FCR,NEGPOS_12_16,22.0,2,2,DE,64.08,
2023-10-24,2023-10-24,FCR,NEGPOS_12_16,22.0,14,14,DE,64.08,
2023-10-24,2023-10-24,FCR,NEGPOS_12_16,22.1,4,4,DE,64.08,
2023-10-24,2023-10-24,FCR,NEGPOS_12_16,22.4,1,1,DE,64.08,
2023-10-24,2023-10-24,FCR,NEGPOS_12_16,23.32,1,1,DE,64.08,
2023-10-24,2023-10-24,FCR,NEGPOS_12_16,23.84,7,7,FR,64.08,
2023-10-24,2023-10-24,FCR,NEGPOS_12_16,23.96,7,7,FR,64.08,
2023-10-24,2023-10-24,FCR,NEGPOS_12_16,24.0,13,13,DE,64.08,
2023-10-24,2023-10-24,FCR,NEGPOS_12_16,24.0,17,17,FR,64.08,
2023-10-24,2023-10-24,FCR,NEGPOS_12_16,24.1,4,4,DE,64.08,
2023-10-24,2023-10-24,FCR,NEGPOS_12_16,24.4,1,1,CH,64.08,
2023-10-24,2023-10-24,FCR,NEGPOS_12_16,24.9,1,1,DE,64.08,
2023-10-24,2023-10-24,FCR,NEGPOS_12_16,25.0,12,12,CH,64.08,INDIVISIBLE
2023-10-24,2023-10-24,FCR,NEGPOS_12_16,27.02,1,1,DE,64.08,
2023-10-24,2023-10-24,FCR,NEGPOS_12_16,27.4,1,1,DE,64.08,
2023-10-24,2023-10-24,FCR,NEGPOS_12_16,27.88,7,7,FR,64.08,
2023-10-24,2023-10-24,FCR,NEGPOS_12_16,28.0,6,6,NL,64.08,
2023-10-24,2023-10-24,FCR,NEGPOS_12_16,28.9,1,1,CH,64.08,
2023-10-24,2023-10-24,FCR,NEGPOS_12_16,29.9,1,1,DE,64.08,
2023-10-24,2023-10-24,FCR,NEGPOS_12_16,30.0,5,5,DE,64.08,
2023-10-24,2023-10-24,FCR,NEGPOS_12_16,30.73,1,1,DE,64.08,
2023-10-24,2023-10-24,FCR,NEGPOS_12_16,31.68,1,1,SI,64.08,
2023-10-24,2023-10-24,FCR,NEGPOS_12_16,31.88,7,7,FR,64.08,
2023-10-24,2023-10-24,FCR,NEGPOS_12_16,32.4,1,1,DE,64.08,
2023-10-24,2023-10-24,FCR,NEGPOS_12_16,33.3,1,1,CH,64.08,
2023-10-24,2023-10-24,FCR,NEGPOS_12_16,34.43,1,1,DE,64.08,
2023-10-24,2023-10-24,FCR,NEGPOS_12_16,34.9,1,1,DE,64.08,
2023-10-24,2023-10-24,FCR,NEGPOS_12_16,35.92,7,7,FR,64.08,
2023-10-24,2023-10-24,FCR,NEGPOS_12_16,36.0,5,5,FR,64.08,
2023-10-24,2023-10-24,FCR,NEGPOS_12_16,37.4,1,1,DE,64.08,
2023-10-24,2023-10-24,FCR,NEGPOS_12_16,37.8,1,1,CH,64.08,
2023-10-24,2023-10-24,FCR,NEGPOS_12_16,38.13,1,1,DE,64.08,
2023-10-24,2023-10-24,FCR,NEGPOS_12_16,39.9,1,1,DE,64.08,
2023-10-24,2023-10-24,FCR,NEGPOS_12_16,39.92,7,7,FR,64.08,
2023-10-24,2023-10-24,FCR,NEGPOS_12_16,40.0,3,3,CH,64.08,
2023-10-24,2023-10-24,FCR,NEGPOS_12_16,40.5,3,3,AT,64.08,
2023-10-24,2023-10-24,FCR,NEGPOS_12_16,41.84,1,1,DE,64.08,
2023-10-24,2023-10-24,FCR,NEGPOS_12_16,42.0,3,3,CH,64.08,
2023-10-24,2023-10-24,FCR,NEGPOS_12_16,42.2,1,1,CH,64.08,
2023-10-24,2023-10-24,FCR,NEGPOS_12_16,42.4,1,1,DE,64.08,
2023-10-24,2023-10-24,FCR,NEGPOS_12_16,43.96,7,7,FR,64.08,
2023-10-24,2023-10-24,FCR,NEGPOS_12_16,44.0,3,3,CH,64.08,
2023-10-24,2023-10-24,FCR,NEGPOS_12_16,44.9,1,1,DE,64.08,
2023-10-24,2023-10-24,FCR,NEGPOS_12_16,45.0,3,3,DE,64.08,
2023-10-24,2023-10-24,FCR,NEGPOS_12_16,45.0,3,3,DE,64.08,
2023-10-24,2023-10-24,FCR,NEGPOS_12_16,45.1,4,4,DE,64.08,
2023-10-24,2023-10-24,FCR,NEGPOS_12_16,45.54,1,1,DE,64.08,
2023-10-24,2023-10-24,FCR,NEGPOS_12_16,46.0,3,3,CH,64.08,
2023-10-24,2023-10-24,FCR,NEGPOS_12_16,46.7,1,1,CH,64.08,
2023-10-24,2023-10-24,FCR,NEGPOS_12_16,47.4,1,1,DE,64.08,
2023-10-24,2023-10-24,FCR,NEGPOS_12_16,48.0,7,7,FR,64.08,
2023-10-24,2023-10-24,FCR,NEGPOS_12_16,48.0,5,5,FR,64.08,
2023-10-24,2023-10-24,FCR,NEGPOS_12_16,48.0,2,2,CH,64.08,
2023-10-24,2023-10-24,FCR,NEGPOS_12_16,48.24,1,1,DK,64.08,
2023-10-24,2023-10-24,FCR,NEGPOS_12_16,49.24,1,1,DE,64.08,
2023-10-24,2023-10-24,FCR,NEGPOS_12_16,49.36,7,7,FR,64.08,
2023-10-24,2023-10-24,FCR,NEGPOS_12_16,49.9,1,1,DE,64.08,
2023-10-24,2023-10-24,FCR,NEGPOS_12_16,50.0,1,1,CH,64.08,
2023-10-24,2023-10-24,FCR,NEGPOS_12_16,50.74,3,3,CH,64.08,INDIVISIBLE
2023-10-24,2023-10-24,FCR,NEGPOS_12_16,51.1,1,1,CH,64.08,
2023-10-24,2023-10-24,FCR,NEGPOS_12_16,52.0,1,1,CH,64.08,
2023-10-24,2023-10-24,FCR,NEGPOS_12_16,52.0,7,7,FR,64.08,
2023-10-24,2023-10-24,FCR,NEGPOS_12_16,52.4,1,1,DE,64.08,
2023-10-24,2023-10-24,FCR,NEGPOS_12_16,52.95,1,1,DE,64.08,
2023-10-24,2023-10-24,FCR,NEGPOS_12_16,54.0,2,2,AT,64.08,
2023-10-24,2023-10-24,FCR,NEGPOS_12_16,54.0,1,1,CH,64.08,
2023-10-24,2023-10-24,FCR,NEGPOS_12_16,54.9,1,1,DE,64.08,
2023-10-24,2023-10-24,FCR,NEGPOS_12_16,55.2,5,5,AT,64.08,
2023-10-24,2023-10-24,FCR,NEGPOS_12_16,55.6,1,1,CH,64.08,
2023-10-24,2023-10-24,FCR,NEGPOS_12_16,55.6,4,4,AT,64.08,
2023-10-24,2023-10-24,FCR,NEGPOS_12_16,56.0,1,1,CH,64.08,
2023-10-24,2023-10-24,FCR,NEGPOS_12_16,56.0,5,5,AT,64.08,
2023-10-24,2023-10-24,FCR,NEGPOS_12_16,56.04,7,7,FR,64.08,
2023-10-24,2023-10-24,FCR,NEGPOS_12_16,56.65,1,1,DE,64.08,
2023-10-24,2023-10-24,FCR,NEGPOS_12_16,57.4,1,1,DE,64.08,
2023-10-24,2023-10-24,FCR,NEGPOS_12_16,58.0,1,1,CH,64.08,
2023-10-24,2023-10-24,FCR,NEGPOS_12_16,59.36,7,7,FR,64.08,
2023-10-24,2023-10-24,FCR,NEGPOS_12_16,59.9,1,1,DE,64.08,
2023-10-24,2023-10-24,FCR,NEGPOS_12_16,60.0,1,1,CH,64.08,
2023-10-24,2023-10-24,FCR,NEGPOS_12_16,60.04,7,7,FR,64.08,
2023-10-24,2023-10-24,FCR,NEGPOS_12_16,60.36,1,1,DE,64.08,
2023-10-24,2023-10-24,FCR,NEGPOS_12_16,60.9,1,1,CH,64.08,
2023-10-24,2023-10-24,FCR,NEGPOS_12_16,61.7,1,1,CH,64.08,
2023-10-24,2023-10-24,FCR,NEGPOS_12_16,62.4,1,1,DE,64.08,
2023-10-24,2023-10-24,FCR,NEGPOS_12_16,62.6,1,1,CH,64.08,
2023-10-24,2023-10-24,FCR,NEGPOS_12_16,63.4,1,1,CH,64.08,
2023-10-24,2023-10-24,FCR,NEGPOS_12_16,64.06,1,1,DE,64.08,
2023-10-24,2023-10-24,FCR,NEGPOS_12_16,64.08,7,5,FR,64.08,
2023-10-24,2023-10-24,FCR,NEGPOS_12_16,71.2,25,25,CZ,71.2,INDIVISIBLE
2023-10-24,2023-10-24,FCR,NEGPOS_12_16,229.72,3,3,BE,229.72,INDIVISIBLE
2023-10-24,2023-10-24,FCR,NEGPOS_16_20,0.0,1,1,BE,263.32,
2023-10-24,2023-10-24,FCR,NEGPOS_16_20,0.0,1,1,BE,263.32,
2023-10-24,2023-10-24,FCR,NEGPOS_16_20,0.0,1,1,DE,53.0,
2023-10-24,2023-10-24,FCR,NEGPOS_16_20,0.0,1,1,DE,53.0,
2023-10-24,2023-10-24,FCR,NEGPOS_16_20,0.0,2,2,DE,53.0,
2023-10-24,2023-10-24,FCR,NEGPOS_16_20,0.0,12,12,DE,53.0,
2023-10-24,2023-10-24,FCR,NEGPOS_16_20,0.0,3,3,DE,53.0,
2023-10-24,2023-10-24,FCR,NEGPOS_16_20,0.0,1,1,DE,53.0,
2023-10-24,2023-10-24,FCR,NEGPOS_16_20,0.0,1,1,DE,53.0,
2023-10-24,2023-10-24,FCR,NEGPOS_16_20,0.0,1,1,NL,53.0,
2023-10-24,2023-10-24,FCR,NEGPOS_16_20,0.0,1,1,NL,53.0,
2023-10-24,2023-10-24,FCR,NEGPOS_16_20,0.0,1,1,NL,53.0,
2023-10-24,2023-10-24,FCR,NEGPOS_16_20,0.0,1,1,NL,53.0,
2023-10-24,2023-10-24,FCR,NEGPOS_16_20,0.0,1,1,NL,53.0,
2023-10-24,2023-10-24,FCR,NEGPOS_16_20,0.0,1,1,NL,53.0,
2023-10-24,2023-10-24,FCR,NEGPOS_16_20,0.0,1,1,DE,53.0,
2023-10-24,2023-10-24,FCR,NEGPOS_16_20,0.0,2,2,DE,53.0,
2023-10-24,2023-10-24,FCR,NEGPOS_16_20,0.0,9,9,DE,53.0,
2023-10-24,2023-10-24,FCR,NEGPOS_16_20,0.0,2,2,FR,52.64,
2023-10-24,2023-10-24,FCR,NEGPOS_16_20,0.0,1,1,FR,52.64,
2023-10-24,2023-10-24,FCR,NEGPOS_16_20,0.0,1,1,DE,53.0,
2023-10-24,2023-10-24,FCR,NEGPOS_16_20,0.0,4,4,FR,52.64,
2023-10-24,2023-10-24,FCR,NEGPOS_16_20,0.0,2,2,DE,53.0,
2023-10-24,2023-10-24,FCR,NEGPOS_16_20,0.0,10,10,DE,53.0,
2023-10-24,2023-10-24,FCR,NEGPOS_16_20,0.0,2,2,FR,52.64,
2023-10-24,2023-10-24,FCR,NEGPOS_16_20,0.0,10,10,DE,53.0,
2023-10-24,2023-10-24,FCR,NEGPOS_16_20,0.0,3,3,DE,53.0,
2023-10-24,2023-10-24,FCR,NEGPOS_16_20,0.16,7,7,FR,52.64,
2023-10-24,2023-10-24,FCR,NEGPOS_16_20,0.28,7,7,FR,52.64,
2023-10-24,2023-10-24,FCR,NEGPOS_16_20,0.44,7,7,FR,52.64,
2023-10-24,2023-10-24,FCR,NEGPOS_16_20,0.5,36,36,FR,52.64,
2023-10-24,2023-10-24,FCR,NEGPOS_16_20,0.56,7,7,FR,52.64,
2023-10-24,2023-10-24,FCR,NEGPOS_16_20,0.72,7,7,FR,52.64,
2023-10-24,2023-10-24,FCR,NEGPOS_16_20,0.84,7,7,FR,52.64,
2023-10-24,2023-10-24,FCR,NEGPOS_16_20,1.0,7,7,FR,52.64,
2023-10-24,2023-10-24,FCR,NEGPOS_16_20,1.0,14,14,DE,53.0,
2023-10-24,2023-10-24,FCR,NEGPOS_16_20,1.0,12,12,CH,53.0,
2023-10-24,2023-10-24,FCR,NEGPOS_16_20,1.0,9,9,DE,53.0,
2023-10-24,2023-10-24,FCR,NEGPOS_16_20,1.0,3,3,DE,53.0,
2023-10-24,2023-10-24,FCR,NEGPOS_16_20,1.0,1,1,AT,53.0,
2023-10-24,2023-10-24,FCR,NEGPOS_16_20,1.0,2,2,DE,53.0,
2023-10-24,2023-10-24,FCR,NEGPOS_16_20,1.12,7,7,FR,52.64,
2023-10-24,2023-10-24,FCR,NEGPOS_16_20,1.28,7,7,FR,52.64,
2023-10-24,2023-10-24,FCR,NEGPOS_16_20,1.32,109,109,FR,52.64,
2023-10-24,2023-10-24,FCR,NEGPOS_16_20,1.4,7,7,FR,52.64,
2023-10-24,2023-10-24,FCR,NEGPOS_16_20,1.5,7,7,DE,53.0,
2023-10-24,2023-10-24,FCR,NEGPOS_16_20,1.56,7,7,FR,52.64,
2023-10-24,2023-10-24,FCR,NEGPOS_16_20,1.68,7,7,FR,52.64,
2023-10-24,2023-10-24,FCR,NEGPOS_16_20,1.84,7,7,FR,52.64,
2023-10-24,2023-10-24,FCR,NEGPOS_16_20,1.96,7,7,FR,52.64,
2023-10-24,2023-10-24,FCR,NEGPOS_16_20,2.0,14,14,DE,53.0,
2023-10-24,2023-10-24,FCR,NEGPOS_16_20,2.12,7,7,FR,52.64,
2023-10-24,2023-10-24,FCR,NEGPOS_16_20,2.24,7,7,FR,52.64,
2023-10-24,2023-10-24,FCR,NEGPOS_16_20,2.4,7,7,FR,52.64,
2023-10-24,2023-10-24,FCR,NEGPOS_16_20,2.44,3,3,CZ,71.2,
2023-10-24,2023-10-24,FCR,NEGPOS_16_20,2.52,7,7,FR,52.64,
2023-10-24,2023-10-24,FCR,NEGPOS_16_20,2.68,7,7,FR,52.64,
2023-10-24,2023-10-24,FCR,NEGPOS_16_20,2.8,7,7,FR,52.64,
2023-10-24,2023-10-24,FCR,NEGPOS_16_20,2.96,7,7,FR,52.64,
2023-10-24,2023-10-24,FCR,NEGPOS_16_20,3.0,10,10,NL,53.0,
2023-10-24,2023-10-24,FCR,NEGPOS_16_20,3.08,7,7,FR,52.64,
2023-10-24,2023-10-24,FCR,NEGPOS_16_20,3.24,7,7,FR,52.64,
2023-10-24,2023-10-24,FCR,NEGPOS_16_20,3.33,18,18,DE,53.0,
2023-10-24,2023-10-24,FCR,NEGPOS_16_20,3.36,7,7,FR,52.64,
2023-10-24,2023-10-24,FCR,NEGPOS_16_20,3.52,7,7,FR,52.64,
2023-10-24,2023-10-24,FCR,NEGPOS_16_20,3.58,14,14,DE,53.0,
2023-10-24,2023-10-24,FCR,NEGPOS_16_20,3.6,5,5,AT,53.0,
2023-10-24,2023-10-24,FCR,NEGPOS_16_20,3.64,7,7,FR,52.64,
2023-10-24,2023-10-24,FCR,NEGPOS_16_20,3.65,14,14,DE,53.0,
2023-10-24,2023-10-24,FCR,NEGPOS_16_20,3.68,7,7,FR,52.64,
2023-10-24,2023-10-24,FCR,NEGPOS_16_20,3.69,15,15,DE,53.0,
2023-10-24,2023-10-24,FCR,NEGPOS_16_20,3.8,7,7,FR,52.64,
2023-10-24,2023-10-24,FCR,NEGPOS_16_20,3.84,13,13,DE,53.0,
2023-10-24,2023-10-24,FCR,NEGPOS_16_20,3.94,15,15,DE,53.0,
2023-10-24,2023-10-24,FCR,NEGPOS_16_20,3.96,2,2,CH,53.0,
2023-10-24,2023-10-24,FCR,NEGPOS_16_20,4.0,33,33,DE,53.0,
2023-10-24,2023-10-24,FCR,NEGPOS_16_20,4.0,1,1,DE,53.0,
2023-10-24,2023-10-24,FCR,NEGPOS_16_20,4.0,5,5,AT,53.0,
2023-10-24,2023-10-24,FCR,NEGPOS_16_20,4.0,3,3,CZ,71.2,
2023-10-24,2023-10-24,FCR,NEGPOS_16_20,4.0,1,1,NL,53.0,
2023-10-24,2023-10-24,FCR,NEGPOS_16_20,4.0,18,18,FR,52.64,
2023-10-24,2023-10-24,FCR,NEGPOS_16_20,4.4,5,5,AT,53.0,
2023-10-24,2023-10-24,FCR,NEGPOS_16_20,4.8,1,1,DE,53.0,
2023-10-24,2023-10-24,FCR,NEGPOS_16_20,4.8,1,1,DE,53.0,
2023-10-24,2023-10-24,FCR,NEGPOS_16_20,4.8,1,1,DE,53.0,
2023-10-24,2023-10-24,FCR,NEGPOS_16_20,4.8,1,1,DE,53.0,
2023-10-24,2023-10-24,FCR,NEGPOS_16_20,4.8,1,1,AT,53.0,
2023-10-24,2023-10-24,FCR,NEGPOS_16_20,4.8,1,1,DE,53.0,
2023-10-24,2023-10-24,FCR,NEGPOS_16_20,4.8,1,1,DE,53.0,
2023-10-24,2023-10-24,FCR,NEGPOS_16_20,4.9,1,1,DE,53.0,
2023-10-24,2023-10-24,FCR,NEGPOS_16_20,5.0,1,1,DE,53.0,
2023-10-24,2023-10-24,FCR,NEGPOS_16_20,5.0,1,1,DE,53.0,
2023-10-24,2023-10-24,FCR,NEGPOS_16_20,5.0,8,8,DE,53.0,
2023-10-24,2023-10-24,FCR,NEGPOS_16_20,5.0,1,1,DE,53.0,
2023-10-24,2023-10-24,FCR,NEGPOS_16_20,5.0,7,7,DE,53.0,
2023-10-24,2023-10-24,FCR,NEGPOS_16_20,5.0,5,5,DE,53.0,
2023-10-24,2023-10-24,FCR,NEGPOS_16_20,5.0,1,1,DE,53.0,
2023-10-24,2023-10-24,FCR,NEGPOS_16_20,5.0,16,16,DE,53.0,
2023-10-24,2023-10-24,FCR,NEGPOS_16_20,5.0,1,1,DE,53.0,
2023-10-24,2023-10-24,FCR,NEGPOS_16_20,5.0,1,1,DE,53.0,
2023-10-24,2023-10-24,FCR,NEGPOS_16_20,5.0,1,1,DE,53.0,
2023-10-24,2023-10-24,FCR,NEGPOS_16_20,5.0,1,1,DE,53.0,
2023-10-24,2023-10-24,FCR,NEGPOS_16_20,5.0,2,2,DE,53.0,
2023-10-24,2023-10-24,FCR,NEGPOS_16_20,5.0,10,10,DE,53.0,
2023-10-24,2023-10-24,FCR,NEGPOS_16_20,5.0,6,6,DE,53.0,
2023-10-24,2023-10-24,FCR,NEGPOS_16_20,5.0,1,1,DE,53.0,
2023-10-24,2023-10-24,FCR,NEGPOS_16_20,5.0,1,1,DE,53.0,
2023-10-24,2023-10-24,FCR,NEGPOS_16_20,5.0,5,5,DE,53.0,
2023-10-24,2023-10-24,FCR,NEGPOS_16_20,5.0,5,5,DE,53.0,
2023-10-24,2023-10-24,FCR,NEGPOS_16_20,5.0,1,1,DE,53.0,
2023-10-24,2023-10-24,FCR,NEGPOS_16_20,5.0,1,1,DE,53.0,
2023-10-24,2023-10-24,FCR,NEGPOS_16_20,5.0,1,1,DE,53.0,
2023-10-24,2023-10-24,FCR,NEGPOS_16_20,5.0,1,1,DE,53.0,
2023-10-24,2023-10-24,FCR,NEGPOS_16_20,5.0,1,1,DE,53.0,
2023-10-24,2023-10-24,FCR,NEGPOS_16_20,5.0,1,1,DE,53.0,
2023-10-24,2023-10-24,FCR,NEGPOS_16_20,5.0,1,1,DE,53.0,
2023-10-24,2023-10-24,FCR,NEGPOS_16_20,5.0,1,1,DE,53.0,
2023-10-24,2023-10-24,FCR,NEGPOS_16_20,5.0,1,1,DE,53.0,
2023-10-24,2023-10-24,FCR,NEGPOS_16_20,5.0,8,8,DE,53.0,
2023-10-24,2023-10-24,FCR,NEGPOS_16_20,5.0,1,1,DE,53.0,
2023-10-24,2023-10-24,FCR,NEGPOS_16_20,5.0,1,1,DE,53.0,
2023-10-24,2023-10-24,FCR,NEGPOS_16_20,5.0,1,1,DE,53.0,
2023-10-24,2023-10-24,FCR,NEGPOS_16_20,5.0,1,1,DE,53.0,
2023-10-24,2023-10-24,FCR,NEGPOS_16_20,5.0,1,1,DE,53.0,
2023-10-24,2023-10-24,FCR,NEGPOS_16_20,5.0,1,1,DE,53.0,
2023-10-24,2023-10-24,FCR,NEGPOS_16_20,5.0,1,1,DE,53.0,
2023-10-24,2023-10-24,FCR,NEGPOS_16_20,5.0,1,1,DE,53.0,
2023-10-24,2023-10-24,FCR,NEGPOS_16_20,5.0,1,1,DE,53.0,
2023-10-24,2023-10-24,FCR,NEGPOS_16_20,5.0,15,15,DE,53.0,
2023-10-24,2023-10-24,FCR,NEGPOS_16_20,5.23,3,3,NL,53.0,
2023-10-24,2023-10-24,FCR,NEGPOS_16_20,5.55,3,3,DE,53.0,
2023-10-24,2023-10-24,FCR,NEGPOS_16_20,6.0,10,10,DE,53.0,
2023-10-24,2023-10-24,FCR,NEGPOS_16_20,6.0,10,10,DE,53.0,
2023-10-24,2023-10-24,FCR,NEGPOS_16_20,6.0,2,2,FR,52.64,INDIVISIBLE
2023-10-24,2023-10-24,FCR,NEGPOS_16_20,6.0,2,2,FR,52.64,INDIVISIBLE
2023-10-24,2023-10-24,FCR,NEGPOS_16_20,6.0,6,6,FR,52.64,INDIVISIBLE
2023-10-24,2023-10-24,FCR,NEGPOS_16_20,6.4,7,7,FR,52.64,
2023-10-24,2023-10-24,FCR,NEGPOS_16_20,6.5,19,19,DE,53.0,
2023-10-24,2023-10-24,FCR,NEGPOS_16_20,6.66,7,7,DE,53.0,
2023-10-24,2023-10-24,FCR,NEGPOS_16_20,6.7,1,1,DE,53.0,
2023-10-24,2023-10-24,FCR,NEGPOS_16_20,6.8,5,5,AT,53.0,
2023-10-24,2023-10-24,FCR,NEGPOS_16_20,7.0,3,3,DE,53.0,
2023-10-24,2023-10-24,FCR,NEGPOS_16_20,7.0,8,8,DE,53.0,
2023-10-24,2023-10-24,FCR,NEGPOS_16_20,7.0,1,1,DE,53.0,
2023-10-24,2023-10-24,FCR,NEGPOS_16_20,7.0,10,10,DE,53.0,
2023-10-24,2023-10-24,FCR,NEGPOS_16_20,7.2,5,5,AT,53.0,
2023-10-24,2023-10-24,FCR,NEGPOS_16_20,7.4,1,1,DE,53.0,
2023-10-24,2023-10-24,FCR,NEGPOS_16_20,7.5,8,8,DE,53.0,
2023-10-24,2023-10-24,FCR,NEGPOS_16_20,7.5,8,8,DE,53.0,
2023-10-24,2023-10-24,FCR,NEGPOS_16_20,7.6,2,2,AT,53.0,
2023-10-24,2023-10-24,FCR,NEGPOS_16_20,8.0,6,6,AT,53.0,
2023-10-24,2023-10-24,FCR,NEGPOS_16_20,8.0,8,8,DE,53.0,
2023-10-24,2023-10-24,FCR,NEGPOS_16_20,8.33,7,7,DE,53.0,
2023-10-24,2023-10-24,FCR,NEGPOS_16_20,8.4,4,4,AT,53.0,
2023-10-24,2023-10-24,FCR,NEGPOS_16_20,8.5,1,1,DE,53.0,
2023-10-24,2023-10-24,FCR,NEGPOS_16_20,8.78,1,1,NL,53.0,
2023-10-24,2023-10-24,FCR,NEGPOS_16_20,8.86,6,6,NL,53.0,
2023-10-24,2023-10-24,FCR,NEGPOS_16_20,9.12,7,7,FR,52.64,
2023-10-24,2023-10-24,FCR,NEGPOS_16_20,9.46,1,1,NL,53.0,
2023-10-24,2023-10-24,FCR,NEGPOS_16_20,9.48,22,22,BE,263.32,
2023-10-24,2023-10-24,FCR,NEGPOS_16_20,9.7,6,6,AT,53.0,
2023-10-24,2023-10-24,FCR,NEGPOS_16_20,9.9,1,1,DE,53.0,
2023-10-24,2023-10-24,FCR,NEGPOS_16_20,10.0,21,21,DE,53.0,
2023-10-24,2023-10-24,FCR,NEGPOS_16_20,10.0,8,8,DE,53.0,
2023-10-24,2023-10-24,FCR,NEGPOS_16_20,10.0,5,5,FR,52.64,
2023-10-24,2023-10-24,FCR,NEGPOS_16_20,10.0,1,1,CH,53.0,
2023-10-24,2023-10-24,FCR,NEGPOS_16_20,10.0,8,8,DE,53.0,
2023-10-24,2023-10-24,FCR,NEGPOS_16_20,10.0,2,2,NL,53.0,
2023-10-24,2023-10-24,FCR,NEGPOS_16_20,10.0,7,7,DE,53.0,
2023-10-24,2023-10-24,FCR,NEGPOS_16_20,10.0,6,6,DE,53.0,
2023-10-24,2023-10-24,FCR,NEGPOS_16_20,10.4,5,5,AT,53.0,
2023-10-24,2023-10-24,FCR,NEGPOS_16_20,10.8,5,5,AT,53.0,
2023-10-24,2023-10-24,FCR,NEGPOS_16_20,11.2,2,2,AT,53.0,
2023-10-24,2023-10-24,FCR,NEGPOS_16_20,11.84,7,7,FR,52.64,
2023-10-24,2023-10-24,FCR,NEGPOS_16_20,12.0,17,17,FR,52.64,
2023-10-24,2023-10-24,FCR,NEGPOS_16_20,12.0,4,4,DE,53.0,
2023-10-24,2023-10-24,FCR,NEGPOS_16_20,12.0,18,18,FR,52.64,
2023-10-24,2023-10-24,FCR,NEGPOS_16_20,12.0,4,4,FR,52.64,
2023-10-24,2023-10-24,FCR,NEGPOS_16_20,12.21,1,1,DE,53.0,
2023-10-24,2023-10-24,FCR,NEGPOS_16_20,12.4,2,2,AT,53.0,
2023-10-24,2023-10-24,FCR,NEGPOS_16_20,12.4,1,1,DE,53.0,
2023-10-24,2023-10-24,FCR,NEGPOS_16_20,12.43,12,12,NL,53.0,
2023-10-24,2023-10-24,FCR,NEGPOS_16_20,12.5,1,1,DE,53.0,
2023-10-24,2023-10-24,FCR,NEGPOS_16_20,13.6,4,4,AT,53.0,
2023-10-24,2023-10-24,FCR,NEGPOS_16_20,14.0,1,1,DK,53.0,
2023-10-24,2023-10-24,FCR,NEGPOS_16_20,14.56,7,7,FR,52.64,
2023-10-24,2023-10-24,FCR,NEGPOS_16_20,14.9,1,1,DE,53.0,
2023-10-24,2023-10-24,FCR,NEGPOS_16_20,15.0,1,1,AT,53.0,
2023-10-24,2023-10-24,FCR,NEGPOS_16_20,15.01,1,1,AT,53.0,
2023-10-24,2023-10-24,FCR,NEGPOS_16_20,15.41,77,77,FR,52.64,
2023-10-24,2023-10-24,FCR,NEGPOS_16_20,15.91,1,1,DE,53.0,
2023-10-24,2023-10-24,FCR,NEGPOS_16_20,17.2,2,2,AT,53.0,
2023-10-24,2023-10-24,FCR,NEGPOS_16_20,17.28,7,7,FR,52.64,
2023-10-24,2023-10-24,FCR,NEGPOS_16_20,17.4,1,1,DE,53.0,
2023-10-24,2023-10-24,FCR,NEGPOS_16_20,19.61,1,1,DE,53.0,
2023-10-24,2023-10-24,FCR,NEGPOS_16_20,19.9,1,1,DE,53.0,
2023-10-24,2023-10-24,FCR,NEGPOS_16_20,20.0,2,2,FR,52.64,
2023-10-24,2023-10-24,FCR,NEGPOS_16_20,20.0,1,1,FR,52.64,
2023-10-24,2023-10-24,FCR,NEGPOS_16_20,20.0,25,25,CH,53.0,
2023-10-24,2023-10-24,FCR,NEGPOS_16_20,20.0,7,7,FR,52.64,
2023-10-24,2023-10-24,FCR,NEGPOS_16_20,22.0,2,2,DE,53.0,
2023-10-24,2023-10-24,FCR,NEGPOS_16_20,22.0,9,9,DE,53.0,
2023-10-24,2023-10-24,FCR,NEGPOS_16_20,22.1,4,4,DE,53.0,
2023-10-24,2023-10-24,FCR,NEGPOS_16_20,22.2,1,1,CH,53.0,
2023-10-24,2023-10-24,FCR,NEGPOS_16_20,22.4,1,1,DE,53.0,
2023-10-24,2023-10-24,FCR,NEGPOS_16_20,22.72,7,7,FR,52.64,
2023-10-24,2023-10-24,FCR,NEGPOS_16_20,23.32,1,1,DE,53.0,
2023-10-24,2023-10-24,FCR,NEGPOS_16_20,24.0,8,8,DE,53.0,
2023-10-24,2023-10-24,FCR,NEGPOS_16_20,24.0,17,17,FR,52.64,
2023-10-24,2023-10-24,FCR,NEGPOS_16_20,24.1,4,4,DE,53.0,
2023-10-24,2023-10-24,FCR,NEGPOS_16_20,24.4,1,1,CH,53.0,
2023-10-24,2023-10-24,FCR,NEGPOS_16_20,24.9,1,1,DE,53.0,
2023-10-24,2023-10-24,FCR,NEGPOS_16_20,25.44,7,7,FR,52.64,
2023-10-24,2023-10-24,FCR,NEGPOS_16_20,26.7,1,1,CH,53.0,
2023-10-24,2023-10-24,FCR,NEGPOS_16_20,27.02,1,1,DE,53.0,
2023-10-24,2023-10-24,FCR,NEGPOS_16_20,27.4,1,1,DE,53.0,
2023-10-24,2023-10-24,FCR,NEGPOS_16_20,28.0,6,6,NL,53.0,
2023-10-24,2023-10-24,FCR,NEGPOS_16_20,28.16,7,7,FR,52.64,
2023-10-24,2023-10-24,FCR,NEGPOS_16_20,28.9,1,1,CH,53.0,
2023-10-24,2023-10-24,FCR,NEGPOS_16_20,29.9,1,1,DE,53.0,
2023-10-24,2023-10-24,FCR,NEGPOS_16_20,30.0,5,5,DE,53.0,
2023-10-24,2023-10-24,FCR,NEGPOS_16_20,30.73,1,1,DE,53.0,
2023-10-24,2023-10-24,FCR,NEGPOS_16_20,30.88,7,7,FR,52.64,
2023-10-24,2023-10-24,FCR,NEGPOS_16_20,31.1,1,1,CH,53.0,
2023-10-24,2023-10-24,FCR,NEGPOS_16_20,32.4,1,1,DE,53.0,
2023-10-24,2023-10-24,FCR,NEGPOS_16_20,33.3,1,1,CH,53.0,
2023-10-24,2023-10-24,FCR,NEGPOS_16_20,33.6,7,7,FR,52.64,
2023-10-24,2023-10-24,FCR,NEGPOS_16_20,34.43,1,1,DE,53.0,
2023-10-24,2023-10-24,FCR,NEGPOS_16_20,34.9,1,1,DE,53.0,
2023-10-24,2023-10-24,FCR,NEGPOS_16_20,35.6,1,1,CH,53.0,
2023-10-24,2023-10-24,FCR,NEGPOS_16_20,36.0,5,5,FR,52.64,
2023-10-24,2023-10-24,FCR,NEGPOS_16_20,36.32,7,7,FR,52.64,
2023-10-24,2023-10-24,FCR,NEGPOS_16_20,37.4,1,1,DE,53.0,
2023-10-24,2023-10-24,FCR,NEGPOS_16_20,37.8,1,1,CH,53.0,
2023-10-24,2023-10-24,FCR,NEGPOS_16_20,38.13,1,1,DE,53.0,
2023-10-24,2023-10-24,FCR,NEGPOS_16_20,39.04,7,7,FR,52.64,
2023-10-24,2023-10-24,FCR,NEGPOS_16_20,39.9,1,1,DE,53.0,
2023-10-24,2023-10-24,FCR,NEGPOS_16_20,40.0,3,3,CH,53.0,
2023-10-24,2023-10-24,FCR,NEGPOS_16_20,40.0,1,1,CH,53.0,
2023-10-24,2023-10-24,FCR,NEGPOS_16_20,40.5,2,2,AT,53.0,
2023-10-24,2023-10-24,FCR,NEGPOS_16_20,41.0,3,3,CH,53.0,
2023-10-24,2023-10-24,FCR,NEGPOS_16_20,41.3,1,1,CH,53.0,
2023-10-24,2023-10-24,FCR,NEGPOS_16_20,41.32,7,7,FR,52.64,
2023-10-24,2023-10-24,FCR,NEGPOS_16_20,41.76,7,7,FR,52.64,
2023-10-24,2023-10-24,FCR,NEGPOS_16_20,41.84,1,1,DE,53.0,
2023-10-24,2023-10-24,FCR,NEGPOS_16_20,42.0,3,3,CH,53.0,
2023-10-24,2023-10-24,FCR,NEGPOS_16_20,42.4,1,1,DE,53.0,
2023-10-24,2023-10-24,FCR,NEGPOS_16_20,42.7,1,1,CH,53.0,
2023-10-24,2023-10-24,FCR,NEGPOS_16_20,43.0,10,10,AT,53.0,
2023-10-24,2023-10-24,FCR,NEGPOS_16_20,44.0,3,3,CH,53.0,
2023-10-24,2023-10-24,FCR,NEGPOS_16_20,44.0,1,1,CH,53.0,
2023-10-24,2023-10-24,FCR,NEGPOS_16_20,44.48,7,7,FR,52.64,
2023-10-24,2023-10-24,FCR,NEGPOS_16_20,44.9,1,1,DE,53.0,
2023-10-24,2023-10-24,FCR,NEGPOS_16_20,45.0,3,3,DE,53.0,
2023-10-24,2023-10-24,FCR,NEGPOS_16_20,45.0,3,3,DE,53.0,
2023-10-24,2023-10-24,FCR,NEGPOS_16_20,45.0,5,5,AT,53.0,
2023-10-24,2023-10-24,FCR,NEGPOS_16_20,45.1,4,4,DE,53.0,
2023-10-24,2023-10-24,FCR,NEGPOS_16_20,45.3,1,1,CH,53.0,
2023-10-24,2023-10-24,FCR,NEGPOS_16_20,45.54,1,1,DE,53.0,
2023-10-24,2023-10-24,FCR,NEGPOS_16_20,46.0,2,2,CH,53.0,
2023-10-24,2023-10-24,FCR,NEGPOS_16_20,46.7,1,1,CH,53.0,
2023-10-24,2023-10-24,FCR,NEGPOS_16_20,47.2,7,7,FR,52.64,
2023-10-24,2023-10-24,FCR,NEGPOS_16_20,47.4,1,1,DE,53.0,
2023-10-24,2023-10-24,FCR,NEGPOS_16_20,48.0,1,1,CH,53.0,
2023-10-24,2023-10-24,FCR,NEGPOS_16_20,48.0,5,5,FR,52.64,
2023-10-24,2023-10-24,FCR,NEGPOS_16_20,48.0,1,1,CH,53.0,
2023-10-24,2023-10-24,FCR,NEGPOS_16_20,48.24,1,1,DK,53.0,
2023-10-24,2023-10-24,FCR,NEGPOS_16_20,48.52,5,5,AT,53.0,
2023-10-24,2023-10-24,FCR,NEGPOS_16_20,48.92,3,3,AT,53.0,
2023-10-24,2023-10-24,FCR,NEGPOS_16_20,49.2,7,7,FR,52.64,
2023-10-24,2023-10-24,FCR,NEGPOS_16_20,49.24,1,1,DE,53.0,
2023-10-24,2023-10-24,FCR,NEGPOS_16_20,49.3,1,1,CH,53.0,
2023-10-24,2023-10-24,FCR,NEGPOS_16_20,49.9,1,1,DE,53.0,
2023-10-24,2023-10-24,FCR,NEGPOS_16_20,49.92,7,7,FR,52.64,
2023-10-24,2023-10-24,FCR,NEGPOS_16_20,50.0,1,1,CH,53.0,
2023-10-24,2023-10-24,FCR,NEGPOS_16_20,50.7,1,1,CH,53.0,
2023-10-24,2023-10-24,FCR,NEGPOS_16_20,52.0,1,1,CH,53.0,
2023-10-24,2023-10-24,FCR,NEGPOS_16_20,52.4,1,1,DE,53.0,
2023-10-24,2023-10-24,FCR,NEGPOS_16_20,52.64,7,6,FR,52.64,
2023-10-24,2023-10-24,FCR,NEGPOS_16_20,52.95,1,1,DE,53.0,
2023-10-24,2023-10-24,FCR,NEGPOS_16_20,53.0,5,4,AT,53.0,
2023-10-24,2023-10-24,FCR,NEGPOS_16_20,71.2,25,25,CZ,71.2,INDIVISIBLE
2023-10-24,2023-10-24,FCR,NEGPOS_16_20,263.32,3,3,BE,263.32,INDIVISIBLE
2023-10-24,2023-10-24,FCR,NEGPOS_20_24,0.0,3,3,DE,46.8,
2023-10-24,2023-10-24,FCR,NEGPOS_20_24,0.0,9,9,DE,46.8,
2023-10-24,2023-10-24,FCR,NEGPOS_20_24,0.0,10,10,DE,46.8,
2023-10-24,2023-10-24,FCR,NEGPOS_20_24,0.0,2,2,DE,46.8,
2023-10-24,2023-10-24,FCR,NEGPOS_20_24,0.0,10,10,DE,46.8,
2023-10-24,2023-10-24,FCR,NEGPOS_20_24,0.0,1,1,DE,46.8,
2023-10-24,2023-10-24,FCR,NEGPOS_20_24,0.0,2,2,FR,24.24,
2023-10-24,2023-10-24,FCR,NEGPOS_20_24,0.0,1,1,FR,24.24,
2023-10-24,2023-10-24,FCR,NEGPOS_20_24,0.0,3,3,DE,46.8,
2023-10-24,2023-10-24,FCR,NEGPOS_20_24,0.0,5,5,FR,24.24,
2023-10-24,2023-10-24,FCR,NEGPOS_20_24,0.0,4,4,FR,24.24,
2023-10-24,2023-10-24,FCR,NEGPOS_20_24,0.0,1,1,NL,46.8,
2023-10-24,2023-10-24,FCR,NEGPOS_20_24,0.0,1,1,DE,46.8,
2023-10-24,2023-10-24,FCR,NEGPOS_20_24,0.0,1,1,NL,46.8,
2023-10-24,2023-10-24,FCR,NEGPOS_20_24,0.0,1,1,NL,46.8,
2023-10-24,2023-10-24,FCR,NEGPOS_20_24,0.0,1,1,NL,46.8,
2023-10-24,2023-10-24,FCR,NEGPOS_20_24,0.0,1,1,NL,46.8,
2023-10-24,2023-10-24,FCR,NEGPOS_20_24,0.0,1,1,NL,46.8,
2023-10-24,2023-10-24,FCR,NEGPOS_20_24,0.0,1,1,DE,46.8,
2023-10-24,2023-10-24,FCR,NEGPOS_20_24,0.0,1,1,DE,46.8,
2023-10-24,2023-10-24,FCR,NEGPOS_20_24,0.0,1,1,DE,46.8,
2023-10-24,2023-10-24,FCR,NEGPOS_20_24,0.0,1,1,DE,46.8,
2023-10-24,2023-10-24,FCR,NEGPOS_20_24,0.0,1,1,DE,46.8,
2023-10-24,2023-10-24,FCR,NEGPOS_20_24,0.0,4,4,DE,46.8,
2023-10-24,2023-10-24,FCR,NEGPOS_20_24,0.0,1,1,BE,263.84,
2023-10-24,2023-10-24,FCR,NEGPOS_20_24,0.0,1,1,BE,263.84,
2023-10-24,2023-10-24,FCR,NEGPOS_20_24,0.0,2,2,DE,46.8,
2023-10-24,2023-10-24,FCR,NEGPOS_20_24,0.0,12,12,DE,46.8,
2023-10-24,2023-10-24,FCR,NEGPOS_20_24,0.0,1,1,DE,46.8,
2023-10-24,2023-10-24,FCR,NEGPOS_20_24,0.0,1,1,DE,46.8,
2023-10-24,2023-10-24,FCR,NEGPOS_20_24,0.12,7,7,FR,24.24,
2023-10-24,2023-10-24,FCR,NEGPOS_20_24,0.2,7,7,FR,24.24,
2023-10-24,2023-10-24,FCR,NEGPOS_20_24,0.32,7,7,FR,24.24,
2023-10-24,2023-10-24,FCR,NEGPOS_20_24,0.4,7,7,FR,24.24,
2023-10-24,2023-10-24,FCR,NEGPOS_20_24,0.5,36,36,FR,24.24,
2023-10-24,2023-10-24,FCR,NEGPOS_20_24,0.52,7,7,FR,24.24,
2023-10-24,2023-10-24,FCR,NEGPOS_20_24,0.6,7,7,FR,24.24,
2023-10-24,2023-10-24,FCR,NEGPOS_20_24,0.72,7,7,FR,24.24,
2023-10-24,2023-10-24,FCR,NEGPOS_20_24,0.8,7,7,FR,24.24,
2023-10-24,2023-10-24,FCR,NEGPOS_20_24,0.92,7,7,FR,24.24,
2023-10-24,2023-10-24,FCR,NEGPOS_20_24,1.0,7,7,FR,24.24,
2023-10-24,2023-10-24,FCR,NEGPOS_20_24,1.0,2,2,DE,46.8,
2023-10-24,2023-10-24,FCR,NEGPOS_20_24,1.0,3,3,DE,46.8,
2023-10-24,2023-10-24,FCR,NEGPOS_20_24,1.0,14,14,DE,46.8,
2023-10-24,2023-10-24,FCR,NEGPOS_20_24,1.0,9,9,DE,46.8,
2023-10-24,2023-10-24,FCR,NEGPOS_20_24,1.0,1,1,AT,46.8,
2023-10-24,2023-10-24,FCR,NEGPOS_20_24,1.0,12,12,CH,46.8,
2023-10-24,2023-10-24,FCR,NEGPOS_20_24,1.12,7,7,FR,24.24,
2023-10-24,2023-10-24,FCR,NEGPOS_20_24,1.2,7,7,FR,24.24,
2023-10-24,2023-10-24,FCR,NEGPOS_20_24,1.32,111,111,FR,24.24,
2023-10-24,2023-10-24,FCR,NEGPOS_20_24,1.32,7,7,FR,24.24,
2023-10-24,2023-10-24,FCR,NEGPOS_20_24,1.44,7,7,FR,24.24,
2023-10-24,2023-10-24,FCR,NEGPOS_20_24,1.5,7,7,DE,46.8,
2023-10-24,2023-10-24,FCR,NEGPOS_20_24,1.52,7,7,FR,24.24,
2023-10-24,2023-10-24,FCR,NEGPOS_20_24,1.64,7,7,FR,24.24,
2023-10-24,2023-10-24,FCR,NEGPOS_20_24,1.72,7,7,FR,24.24,
2023-10-24,2023-10-24,FCR,NEGPOS_20_24,1.84,7,7,FR,24.24,
2023-10-24,2023-10-24,FCR,NEGPOS_20_24,1.92,7,7,FR,24.24,
2023-10-24,2023-10-24,FCR,NEGPOS_20_24,2.0,14,14,DE,46.8,
2023-10-24,2023-10-24,FCR,NEGPOS_20_24,2.04,7,7,FR,24.24,
2023-10-24,2023-10-24,FCR,NEGPOS_20_24,2.12,7,7,FR,24.24,
2023-10-24,2023-10-24,FCR,NEGPOS_20_24,2.24,7,7,FR,24.24,
2023-10-24,2023-10-24,FCR,NEGPOS_20_24,2.32,7,7,FR,24.24,
2023-10-24,2023-10-24,FCR,NEGPOS_20_24,2.44,3,3,CZ,71.2,
2023-10-24,2023-10-24,FCR,NEGPOS_20_24,2.44,7,7,FR,24.24,
2023-10-24,2023-10-24,FCR,NEGPOS_20_24,2.56,7,7,FR,24.24,
2023-10-24,2023-10-24,FCR,NEGPOS_20_24,2.64,7,7,FR,24.24,
2023-10-24,2023-10-24,FCR,NEGPOS_20_24,2.76,7,7,FR,24.24,
2023-10-24,2023-10-24,FCR,NEGPOS_20_24,2.84,7,7,FR,24.24,
2023-10-24,2023-10-24,FCR,NEGPOS_20_24,2.96,7,7,FR,24.24,
2023-10-24,2023-10-24,FCR,NEGPOS_20_24,3.0,10,10,NL,46.8,
2023-10-24,2023-10-24,FCR,NEGPOS_20_24,3.04,7,7,FR,24.24,
2023-10-24,2023-10-24,FCR,NEGPOS_20_24,3.16,7,7,FR,24.24,
2023-10-24,2023-10-24,FCR,NEGPOS_20_24,3.24,7,7,FR,24.24,
2023-10-24,2023-10-24,FCR,NEGPOS_20_24,3.33,18,18,DE,46.8,
2023-10-24,2023-10-24,FCR,NEGPOS_20_24,3.36,7,7,FR,24.24,
2023-10-24,2023-10-24,FCR,NEGPOS_20_24,3.44,7,7,FR,24.24,
2023-10-24,2023-10-24,FCR,NEGPOS_20_24,3.45,13,13,DE,46.8,
2023-10-24,2023-10-24,FCR,NEGPOS_20_24,3.47,14,14,DE,46.8,
2023-10-24,2023-10-24,FCR,NEGPOS_20_24,3.56,7,7,FR,24.24,
2023-10-24,2023-10-24,FCR,NEGPOS_20_24,3.58,14,14,DE,46.8,
2023-10-24,2023-10-24,FCR,NEGPOS_20_24,3.6,5,5,AT,46.8,
2023-10-24,2023-10-24,FCR,NEGPOS_20_24,3.64,7,7,FR,24.24,
2023-10-24,2023-10-24,FCR,NEGPOS_20_24,3.68,15,15,DE,46.8,
2023-10-24,2023-10-24,FCR,NEGPOS_20_24,3.68,7,7,FR,24.24,
2023-10-24,2023-10-24,FCR,NEGPOS_20_24,3.76,7,7,FR,24.24,
2023-10-24,2023-10-24,FCR,NEGPOS_20_24,3.96,2,2,CH,46.8,
2023-10-24,2023-10-24,FCR,NEGPOS_20_24,3.98,15,15,DE,46.8,
2023-10-24,2023-10-24,FCR,NEGPOS_20_24,4.0,3,3,CZ,71.2,
2023-10-24,2023-10-24,FCR,NEGPOS_20_24,4.0,33,33,DE,46.8,
2023-10-24,2023-10-24,FCR,NEGPOS_20_24,4.0,1,1,DE,46.8,
2023-10-24,2023-10-24,FCR,NEGPOS_20_24,4.0,18,18,FR,24.24,
2023-10-24,2023-10-24,FCR,NEGPOS_20_24,4.0,5,5,AT,46.8,
2023-10-24,2023-10-24,FCR,NEGPOS_20_24,4.0,1,1,NL,46.8,
2023-10-24,2023-10-24,FCR,NEGPOS_20_24,4.4,5,5,AT,46.8,
2023-10-24,2023-10-24,FCR,NEGPOS_20_24,4.8,1,1,DE,46.8,
2023-10-24,2023-10-24,FCR,NEGPOS_20_24,4.8,1,1,DE,46.8,
2023-10-24,2023-10-24,FCR,NEGPOS_20_24,4.8,1,1,DE,46.8,
2023-10-24,2023-10-24,FCR,NEGPOS_20_24,4.8,1,1,AT,46.8,
2023-10-24,2023-10-24,FCR,NEGPOS_20_24,4.8,1,1,DE,46.8,
2023-10-24,2023-10-24,FCR,NEGPOS_20_24,4.8,1,1,DE,46.8,
2023-10-24,2023-10-24,FCR,NEGPOS_20_24,4.8,1,1,DE,46.8,
2023-10-24,2023-10-24,FCR,NEGPOS_20_24,4.9,1,1,DE,46.8,
2023-10-24,2023-10-24,FCR,NEGPOS_20_24,5.0,1,1,DE,46.8,
2023-10-24,2023-10-24,FCR,NEGPOS_20_24,5.0,8,8,DE,46.8,
2023-10-24,2023-10-24,FCR,NEGPOS_20_24,5.0,15,15,DE,46.8,
2023-10-24,2023-10-24,FCR,NEGPOS_20_24,5.0,7,7,DE,46.8,
2023-10-24,2023-10-24,FCR,NEGPOS_20_24,5.0,1,1,DE,46.8,
2023-10-24,2023-10-24,FCR,NEGPOS_20_24,5.0,1,1,DE,46.8,
2023-10-24,2023-10-24,FCR,NEGPOS_20_24,5.0,1,1,DE,46.8,
2023-10-24,2023-10-24,FCR,NEGPOS_20_24,5.0,1,1,DE,46.8,
2023-10-24,2023-10-24,FCR,NEGPOS_20_24,5.0,1,1,DE,46.8,
2023-10-24,2023-10-24,FCR,NEGPOS_20_24,5.0,1,1,DE,46.8,
2023-10-24,2023-10-24,FCR,NEGPOS_20_24,5.0,1,1,DE,46.8,
2023-10-24,2023-10-24,FCR,NEGPOS_20_24,5.0,1,1,DE,46.8,
2023-10-24,2023-10-24,FCR,NEGPOS_20_24,5.0,10,10,DE,46.8,
2023-10-24,2023-10-24,FCR,NEGPOS_20_24,5.0,6,6,DE,46.8,
2023-10-24,2023-10-24,FCR,NEGPOS_20_24,5.0,1,1,DE,46.8,
2023-10-24,2023-10-24,FCR,NEGPOS_20_24,5.0,5,5,DE,46.8,
2023-10-24,2023-10-24,FCR,NEGPOS_20_24,5.0,5,5,DE,46.8,
2023-10-24,2023-10-24,FCR,NEGPOS_20_24,5.0,1,1,DE,46.8,
2023-10-24,2023-10-24,FCR,NEGPOS_20_24,5.0,1,1,DE,46.8,
2023-10-24,2023-10-24,FCR,NEGPOS_20_24,5.0,1,1,DE,46.8,
2023-10-24,2023-10-24,FCR,NEGPOS_20_24,5.0,1,1,DE,46.8,
2023-10-24,2023-10-24,FCR,NEGPOS_20_24,5.0,1,1,DE,46.8,
2023-10-24,2023-10-24,FCR,NEGPOS_20_24,5.0,1,1,DE,46.8,
2023-10-24,2023-10-24,FCR,NEGPOS_20_24,5.0,1,1,DE,46.8,
2023-10-24,2023-10-24,FCR,NEGPOS_20_24,5.0,8,8,DE,46.8,
2023-10-24,2023-10-24,FCR,NEGPOS_20_24,5.0,1,1,DE,46.8,
2023-10-24,2023-10-24,FCR,NEGPOS_20_24,5.0,16,16,DE,46.8,
2023-10-24,2023-10-24,FCR,NEGPOS_20_24,5.0,1,1,DE,46.8,
2023-10-24,2023-10-24,FCR,NEGPOS_20_24,5.0,1,1,DE,46.8,
2023-10-24,2023-10-24,FCR,NEGPOS_20_24,5.0,1,1,DE,46.8,
2023-10-24,2023-10-24,FCR,NEGPOS_20_24,5.0,1,1,DE,46.8,
2023-10-24,2023-10-24,FCR,NEGPOS_20_24,5.0,5,5,DE,46.8,
2023-10-24,2023-10-24,FCR,NEGPOS_20_24,5.0,1,1,DE,46.8,
2023-10-24,2023-10-24,FCR,NEGPOS_20_24,5.0,1,1,DE,46.8,
2023-10-24,2023-10-24,FCR,NEGPOS_20_24,5.0,1,1,DE,46.8,
2023-10-24,2023-10-24,FCR,NEGPOS_20_24,5.0,1,1,DE,46.8,
2023-10-24,2023-10-24,FCR,NEGPOS_20_24,5.0,1,1,DE,46.8,
2023-10-24,2023-10-24,FCR,NEGPOS_20_24,5.0,1,1,DE,46.8,
2023-10-24,2023-10-24,FCR,NEGPOS_20_24,5.0,1,1,DE,46.8,
2023-10-24,2023-10-24,FCR,NEGPOS_20_24,5.23,3,3,NL,46.8,
2023-10-24,2023-10-24,FCR,NEGPOS_20_24,5.55,3,3,DE,46.8,
2023-10-24,2023-10-24,FCR,NEGPOS_20_24,5.96,7,7,FR,24.24,
2023-10-24,2023-10-24,FCR,NEGPOS_20_24,6.0,6,6,FR,24.24,INDIVISIBLE
2023-10-24,2023-10-24,FCR,NEGPOS_20_24,6.0,2,2,FR,24.24,INDIVISIBLE
2023-10-24,2023-10-24,FCR,NEGPOS_20_24,6.0,2,2,FR,24.24,INDIVISIBLE
2023-10-24,2023-10-24,FCR,NEGPOS_20_24,6.0,10,10,DE,46.8,
2023-10-24,2023-10-24,FCR,NEGPOS_20_24,6.0,10,10,DE,46.8,
2023-10-24,2023-10-24,FCR,NEGPOS_20_24,6.5,19,19,DE,46.8,
2023-10-24,2023-10-24,FCR,NEGPOS_20_24,6.66,7,7,DE,46.8,
2023-10-24,2023-10-24,FCR,NEGPOS_20_24,6.7,1,1,DE,46.8,
2023-10-24,2023-10-24,FCR,NEGPOS_20_24,6.8,5,5,AT,46.8,
2023-10-24,2023-10-24,FCR,NEGPOS_20_24,7.0,8,8,DE,46.8,
2023-10-24,2023-10-24,FCR,NEGPOS_20_24,7.0,1,1,DE,46.8,
2023-10-24,2023-10-24,FCR,NEGPOS_20_24,7.0,3,3,DE,46.8,
2023-10-24,2023-10-24,FCR,NEGPOS_20_24,7.0,10,10,DE,46.8,
2023-10-24,2023-10-24,FCR,NEGPOS_20_24,7.2,5,5,AT,46.8,
2023-10-24,2023-10-24,FCR,NEGPOS_20_24,7.4,1,1,DE,46.8,
2023-10-24,2023-10-24,FCR,NEGPOS_20_24,7.5,8,8,DE,46.8,
2023-10-24,2023-10-24,FCR,NEGPOS_20_24,7.5,8,8,DE,46.8,
2023-10-24,2023-10-24,FCR,NEGPOS_20_24,7.6,2,2,AT,46.8,
2023-10-24,2023-10-24,FCR,NEGPOS_20_24,8.0,8,8,DE,46.8,
2023-10-24,2023-10-24,FCR,NEGPOS_20_24,8.0,4,4,AT,46.8,
2023-10-24,2023-10-24,FCR,NEGPOS_20_24,8.24,7,7,FR,24.24,
2023-10-24,2023-10-24,FCR,NEGPOS_20_24,8.33,7,7,DE,46.8,
2023-10-24,2023-10-24,FCR,NEGPOS_20_24,8.4,4,4,AT,46.8,
2023-10-24,2023-10-24,FCR,NEGPOS_20_24,8.5,1,1,DE,46.8,
2023-10-24,2023-10-24,FCR,NEGPOS_20_24,9.48,22,22,BE,263.84,
2023-10-24,2023-10-24,FCR,NEGPOS_20_24,9.7,6,6,AT,46.8,
2023-10-24,2023-10-24,FCR,NEGPOS_20_24,9.9,1,1,DE,46.8,
2023-10-24,2023-10-24,FCR,NEGPOS_20_24,10.0,7,7,DE,46.8,
2023-10-24,2023-10-24,FCR,NEGPOS_20_24,10.0,6,6,DE,46.8,
2023-10-24,2023-10-24,FCR,NEGPOS_20_24,10.0,8,8,DE,46.8,
2023-10-24,2023-10-24,FCR,NEGPOS_20_24,10.0,8,8,DE,46.8,
2023-10-24,2023-10-24,FCR,NEGPOS_20_24,10.0,2,2,NL,46.8,
2023-10-24,2023-10-24,FCR,NEGPOS_20_24,10.0,21,21,DE,46.8,
2023-10-24,2023-10-24,FCR,NEGPOS_20_24,10.0,5,5,FR,24.24,
2023-10-24,2023-10-24,FCR,NEGPOS_20_24,10.0,1,1,CH,46.8,
2023-10-24,2023-10-24,FCR,NEGPOS_20_24,10.17,8,8,NL,46.8,
2023-10-24,2023-10-24,FCR,NEGPOS_20_24,10.4,5,5,AT,46.8,
2023-10-24,2023-10-24,FCR,NEGPOS_20_24,10.52,7,7,FR,24.24,
2023-10-24,2023-10-24,FCR,NEGPOS_20_24,10.8,5,5,AT,46.8,
2023-10-24,2023-10-24,FCR,NEGPOS_20_24,11.2,2,2,AT,46.8,
2023-10-24,2023-10-24,FCR,NEGPOS_20_24,11.21,1,1,NL,46.8,
2023-10-24,2023-10-24,FCR,NEGPOS_20_24,11.72,7,7,FR,24.24,
2023-10-24,2023-10-24,FCR,NEGPOS_20_24,11.87,1,1,NL,46.8,
2023-10-24,2023-10-24,FCR,NEGPOS_20_24,12.0,18,18,FR,24.24,
2023-10-24,2023-10-24,FCR,NEGPOS_20_24,12.0,4,4,FR,24.24,
2023-10-24,2023-10-24,FCR,NEGPOS_20_24,12.0,4,4,DE,46.8,
2023-10-24,2023-10-24,FCR,NEGPOS_20_24,12.0,17,17,FR,24.24,
2023-10-24,2023-10-24,FCR,NEGPOS_20_24,12.21,1,1,DE,46.8,
2023-10-24,2023-10-24,FCR,NEGPOS_20_24,12.4,1,1,DE,46.8,
2023-10-24,2023-10-24,FCR,NEGPOS_20_24,12.4,2,2,AT,46.8,
2023-10-24,2023-10-24,FCR,NEGPOS_20_24,12.5,1,1,DE,46.8,
2023-10-24,2023-10-24,FCR,NEGPOS_20_24,12.55,10,10,NL,46.8,
2023-10-24,2023-10-24,FCR,NEGPOS_20_24,12.8,7,7,FR,24.24,
2023-10-24,2023-10-24,FCR,NEGPOS_20_24,13.6,4,4,AT,46.8,
2023-10-24,2023-10-24,FCR,NEGPOS_20_24,14.0,1,1,DK,46.8,
2023-10-24,2023-10-24,FCR,NEGPOS_20_24,14.58,77,77,FR,24.24,
2023-10-24,2023-10-24,FCR,NEGPOS_20_24,14.9,1,1,DE,46.8,
2023-10-24,2023-10-24,FCR,NEGPOS_20_24,15.08,7,7,FR,24.24,
2023-10-24,2023-10-24,FCR,NEGPOS_20_24,15.12,7,7,FR,24.24,
2023-10-24,2023-10-24,FCR,NEGPOS_20_24,15.91,1,1,DE,46.8,
2023-10-24,2023-10-24,FCR,NEGPOS_20_24,15.92,5,5,AT,46.8,
2023-10-24,2023-10-24,FCR,NEGPOS_20_24,16.32,3,3,AT,46.8,
2023-10-24,2023-10-24,FCR,NEGPOS_20_24,17.2,2,2,AT,46.8,
2023-10-24,2023-10-24,FCR,NEGPOS_20_24,17.4,7,7,FR,24.24,
2023-10-24,2023-10-24,FCR,NEGPOS_20_24,17.4,1,1,DE,46.8,
2023-10-24,2023-10-24,FCR,NEGPOS_20_24,19.61,1,1,DE,46.8,
2023-10-24,2023-10-24,FCR,NEGPOS_20_24,19.68,7,7,FR,24.24,
2023-10-24,2023-10-24,FCR,NEGPOS_20_24,19.9,1,1,DE,46.8,
2023-10-24,2023-10-24,FCR,NEGPOS_20_24,20.0,2,2,FR,24.24,
2023-10-24,2023-10-24,FCR,NEGPOS_20_24,20.0,1,1,FR,24.24,
2023-10-24,2023-10-24,FCR,NEGPOS_20_24,20.0,19,19,CH,46.8,
2023-10-24,2023-10-24,FCR,NEGPOS_20_24,21.96,7,7,FR,24.24,
2023-10-24,2023-10-24,FCR,NEGPOS_20_24,22.0,2,2,DE,46.8,
2023-10-24,2023-10-24,FCR,NEGPOS_20_24,22.0,13,13,DE,46.8,
2023-10-24,2023-10-24,FCR,NEGPOS_20_24,22.1,4,4,DE,46.8,
2023-10-24,2023-10-24,FCR,NEGPOS_20_24,22.4,1,1,DE,46.8,
2023-10-24,2023-10-24,FCR,NEGPOS_20_24,23.32,1,1,DE,46.8,
2023-10-24,2023-10-24,FCR,NEGPOS_20_24,23.5,1,1,CH,46.8,
2023-10-24,2023-10-24,FCR,NEGPOS_20_24,24.0,17,17,FR,24.24,
2023-10-24,2023-10-24,FCR,NEGPOS_20_24,24.0,12,12,DE,46.8,
2023-10-24,2023-10-24,FCR,NEGPOS_20_24,24.1,4,4,DE,46.8,
2023-10-24,2023-10-24,FCR,NEGPOS_20_24,24.24,7,4,FR,24.24,
2023-10-24,2023-10-24,FCR,NEGPOS_20_24,24.9,1,1,DE,46.8,
2023-10-24,2023-10-24,FCR,NEGPOS_20_24,27.0,1,1,CH,46.8,
2023-10-24,2023-10-24,FCR,NEGPOS_20_24,27.0,3,3,CH,46.8,
2023-10-24,2023-10-24,FCR,NEGPOS_20_24,27.02,1,1,DE,46.8,
2023-10-24,2023-10-24,FCR,NEGPOS_20_24,27.4,1,1,DE,46.8,
2023-10-24,2023-10-24,FCR,NEGPOS_20_24,28.0,6,6,NL,46.8,
2023-10-24,2023-10-24,FCR,NEGPOS_20_24,28.0,4,4,DE,46.8,
2023-10-24,2023-10-24,FCR,NEGPOS_20_24,28.1,4,4,DE,46.8,
2023-10-24,2023-10-24,FCR,NEGPOS_20_24,29.0,3,3,CH,46.8,
2023-10-24,2023-10-24,FCR,NEGPOS_20_24,29.9,1,1,DE,46.8,
2023-10-24,2023-10-24,FCR,NEGPOS_20_24,30.0,5,5,DE,46.8,
2023-10-24,2023-10-24,FCR,NEGPOS_20_24,30.0,3,3,CH,46.8,
2023-10-24,2023-10-24,FCR,NEGPOS_20_24,30.5,1,1,CH,46.8,
2023-10-24,2023-10-24,FCR,NEGPOS_20_24,30.73,1,1,DE,46.8,
2023-10-24,2023-10-24,FCR,NEGPOS_20_24,32.0,2,2,DE,46.8,
2023-10-24,2023-10-24,FCR,NEGPOS_20_24,32.1,4,4,DE,46.8,
2023-10-24,2023-10-24,FCR,NEGPOS_20_24,32.4,1,1,DE,46.8,
2023-10-24,2023-10-24,FCR,NEGPOS_20_24,33.0,3,3,CH,46.8,
2023-10-24,2023-10-24,FCR,NEGPOS_20_24,33.56,5,5,DE,46.8,
2023-10-24,2023-10-24,FCR,NEGPOS_20_24,34.0,1,1,CH,46.8,
2023-10-24,2023-10-24,FCR,NEGPOS_20_24,34.43,1,1,DE,46.8,
2023-10-24,2023-10-24,FCR,NEGPOS_20_24,34.9,1,1,DE,46.8,
2023-10-24,2023-10-24,FCR,NEGPOS_20_24,35.0,2,2,CH,46.8,
2023-10-24,2023-10-24,FCR,NEGPOS_20_24,37.0,1,1,CH,46.8,
2023-10-24,2023-10-24,FCR,NEGPOS_20_24,37.4,1,1,DE,46.8,
2023-10-24,2023-10-24,FCR,NEGPOS_20_24,37.5,1,1,CH,46.8,
2023-10-24,2023-10-24,FCR,NEGPOS_20_24,38.0,1,1,CH,46.8,
2023-10-24,2023-10-24,FCR,NEGPOS_20_24,38.13,1,1,DE,46.8,
2023-10-24,2023-10-24,FCR,NEGPOS_20_24,39.0,1,1,CH,46.8,
2023-10-24,2023-10-24,FCR,NEGPOS_20_24,39.9,1,1,DE,46.8,
2023-10-24,2023-10-24,FCR,NEGPOS_20_24,40.0,1,1,CH,46.8,
2023-10-24,2023-10-24,FCR,NEGPOS_20_24,40.5,3,3,AT,46.8,
2023-10-24,2023-10-24,FCR,NEGPOS_20_24,41.0,1,1,CH,46.8,
2023-10-24,2023-10-24,FCR,NEGPOS_20_24,41.0,1,1,CH,46.8,
2023-10-24,2023-10-24,FCR,NEGPOS_20_24,41.84,1,1,DE,46.8,
2023-10-24,2023-10-24,FCR,NEGPOS_20_24,42.0,10,10,AT,46.8,
2023-10-24,2023-10-24,FCR,NEGPOS_20_24,42.4,1,1,DE,46.8,
2023-10-24,2023-10-24,FCR,NEGPOS_20_24,44.5,1,1,CH,46.8,
2023-10-24,2023-10-24,FCR,NEGPOS_20_24,44.9,1,1,DE,46.8,
2023-10-24,2023-10-24,FCR,NEGPOS_20_24,45.0,3,3,DE,46.8,
2023-10-24,2023-10-24,FCR,NEGPOS_20_24,45.54,1,1,DE,46.8,
2023-10-24,2023-10-24,FCR,NEGPOS_20_24,45.56,1,1,DK,46.8,
2023-10-24,2023-10-24,FCR,NEGPOS_20_24,46.1,1,1,DK,46.8,
2023-10-24,2023-10-24,FCR,NEGPOS_20_24,46.8,1,1,DE,46.8,
2023-10-24,2023-10-24,FCR,NEGPOS_20_24,46.8,1,1,DE,46.8,
2023-10-24,2023-10-24,FCR,NEGPOS_20_24,46.8,1,1,DE,46.8,
2023-10-24,2023-10-24,FCR,NEGPOS_20_24,46.8,1,1,DE,46.8,
2023-10-24,2023-10-24,FCR,NEGPOS_20_24,46.8,1,1,DE,46.8,
2023-10-24,2023-10-24,FCR,NEGPOS_20_24,46.8,1,1,DE,46.8,
2023-10-24,2023-10-24,FCR,NEGPOS_20_24,71.2,25,25,CZ,71.2,INDIVISIBLE
2023-10-24,2023-10-24,FCR,NEGPOS_20_24,263.84,3,3,BE,263.84,INDIVISIBLE
